0.0,0.0,0.0,1.0
-0.44431067428869697,0.2883611261112333,-0.5955691774814856,1.0
-0.43691116038237804,0.28322348687263516,-0.5954603338115046,1.0
-0.4151636204566671,0.26819375653667643,-0.5951846027906061,1.0
-0.38031009666053456,0.2442627391479456,-0.5948747360882716,1.0
-0.3133667881309598,0.19848323309641955,-0.5944251899282491,1.0
-0.24784902079688767,0.1538443681511085,-0.5941015598600818,1.0
-0.16919940177661486,0.10036217337785819,-0.5937582733114577,1.0
-0.0774294779565581,0.038058896609721504,-0.5934280892643924,1.0
0.027451225255890995,-0.033046370745387105,-0.5930830590606829,1.0
0.1046396833461338,-0.08529544050675124,-0.5928680294661973,1.0
0.23109816688067447,-0.17085226472506487,-0.5925242404952078,1.0
0.366705587498283,-0.26248339024450584,-0.5922502325150216,1.0
0.5059456801362229,-0.35642302740110565,-0.5920734248899668,1.0
0.6449362398856041,-0.45011048442618945,-0.591960465275297,1.0
0.7837711696551249,-0.5436320395761239,-0.5918824532104915,1.0
0.922548456597491,-0.637058109516987,-0.59182312248491,1.0
1.1073539180059515,-0.7614752120557432,-0.5917253309329316,1.0
1.2457266933240303,-0.8543640574155656,-0.5785727051646617,1.0
1.3844016196408941,-0.9459815685939728,-0.572116373672915,1.0
1.5235433392055566,-1.036498641797462,-0.5713035810480254,1.0
1.6165906521282425,-1.0966496268857227,-0.571066683683327,1.0
1.7558512376949746,-1.186469882413497,-0.5708502545651261,1.0
1.8950064406732385,-1.2760561722676718,-0.5707346572454934,1.0
2.0341229191663666,-1.3655192079437872,-0.570659982232235,1.0
2.17325170141747,-1.454981512484009,-0.570567080240186,1.0
2.3120134051330625,-1.5442019843576957,-0.5704834242908472,1.0
2.4506096350769364,-1.6332838258769797,-0.5704153901617852,1.0
2.5891433542871622,-1.7222809093297358,-0.5703601819418611,1.0
2.7276803490287045,-1.811292922728652,-0.5702752862092028,1.0
2.911960420363976,-1.9296709144804607,-0.5701797109109572,1.0
3.0038473612981162,-1.9887111899666936,-0.5701281058894779,1.0
3.1417852759158666,-2.07726930230506,-0.5700734187478627,1.0
3.2810253861817,-2.1666887383298246,-0.5699584586644296,1.0
3.4281409983975517,-2.2612098536304295,-0.5697559330345703,1.0
3.5876496397786455,-2.363701533232253,-0.5694567583854113,1.0
3.759810076348704,-2.474257432643975,-0.5691355151826032,1.0
3.939848390704351,-2.589754250528315,-0.5688901348471491,1.0
4.1214700183976944,-2.706149970858755,-0.5687279214572525,1.0
4.302904031562356,-2.822313516539549,-0.568631306145052,1.0
4.484238515525089,-2.938332633060548,-0.5685630865797534,1.0
4.665530519367259,-3.0543195448565696,-0.5684719326010056,1.0
4.846401057495856,-3.170029530622456,-0.5683877018474558,1.0
5.027052620008917,-3.285563909792251,-0.5683186834377897,1.0
5.207590135404114,-3.4009767356349254,-0.5682620839618461,1.0
5.388080267012219,-3.516367507453783,-0.568175905350496,1.0
5.568147418984791,-3.631486171022814,-0.5680937985899177,1.0
5.747995590004936,-3.746431686768921,-0.5680256096062952,1.0
5.8679952076697655,-3.823090447542403,-0.5679808487336109,1.0
6.04752791298357,-3.9378185098721317,-0.5678988242748335,1.0
6.226842295053513,-4.0523740299909115,-0.5678306810522501,1.0
6.465732781359507,-4.204955984838453,-0.5677332381580973,1.0
6.644668471356406,-4.319197798180383,-0.5676770572079286,1.0
6.823558664431382,-4.433419396801484,-0.5675910822270954,1.0
7.00202779335927,-4.547370808515989,-0.567509112649408,1.0
7.120856278039287,-4.62319846149569,-0.5674822448294334,1.0
7.299216712752777,-4.737033341340505,-0.567396286132617,1.0
7.536516895159617,-4.8884543796596995,-0.5672989070236061,1.0
7.714193027048165,-5.001827136342713,-0.5672169694711529,1.0
7.891653209515239,-5.115029305561479,-0.5671488902420804,1.0
8.069002938462459,-5.228113769925281,-0.5670927715182172,1.0
8.246309200501553,-5.341179542096352,-0.5670068515641026,1.0
8.423196350941147,-5.453976900571846,-0.5669249515766864,1.0
8.540971302408384,-5.529036129864931,-0.5668981227426093,1.0
8.717753155158295,-5.641719531217665,-0.5668122180866287,1.0
8.89411653442976,-5.7541351061938055,-0.5667303360841334,1.0
9.070265637723294,-5.8663814616690875,-0.5666623027853309,1.0
9.24630593342108,-5.978511401059388,-0.566606235188123,1.0
9.422304449116456,-6.090623903608133,-0.5665203612308467,1.0
9.656459993216139,-6.239752434652838,-0.566423103184525,1.0
9.831781094459938,-6.35140869624399,-0.566341270843619,1.0
10.006889259332167,-6.462896832166677,-0.5662732792171794,1.0
10.1818899220683,-6.574269582468118,-0.5662172537384016,1.0
10.298534849868386,-6.648531695921544,-0.5661468241310617,1.0
10.473125162578821,-6.759642861626181,-0.5660788485538932,1.0
10.64760862839767,-6.870639146144615,-0.5660228433223387,1.0
10.822007809580588,-6.9815423364542495,-0.5611528871281338,1.0
10.996079622216824,-7.091082969020668,-0.5421296572152308,1.0
11.171254275105616,-7.198480852781961,-0.5387200453836156,1.0
11.3470361619499,-7.304594632547381,-0.5379410986241797,1.0
11.523091032724375,-7.410170674070925,-0.5375553578756204,1.0
11.698857646287033,-7.5152731188185715,-0.5373491491751332,1.0
11.874465319249024,-7.620123368507809,-0.5372357767137799,1.0
12.049988334258678,-7.72482542856138,-0.5371607055741332,1.0
12.22548304640317,-7.829498826165628,-0.5370668520656268,1.0
12.400561212278886,-7.933914428987083,-0.53698177565404,1.0
12.57542760491193,-8.038168572423661,-0.5369126072849112,1.0
12.750188107667578,-8.142312365066683,-0.5368561620092956,1.0
12.924912214983642,-8.246443370859353,-0.536770204900898,1.0
13.09921694794328,-8.350323702433728,-0.5366884561858327,1.0
13.273309342041255,-8.45404592121721,-0.5366205612354694,1.0
13.447296182173025,-8.557659549910836,-0.5365646791207291,1.0
13.621247357337205,-8.66126152336963,-0.5364789675805051,1.0
13.794780005796426,-8.764613820389,-0.5363973416851141,1.0
13.968101254195997,-8.867808824685929,-0.5363295128204044,1.0
14.083757266309687,-8.936635381352971,-0.5362849718243204,1.0
14.314499857579003,-9.073972183789982,-0.5361879977921197,1.0
14.48726422754638,-9.176799523772866,-0.5361064095946371,1.0
14.659818172929143,-9.2794703263149,-0.5360386092537395,1.0
14.832268467189744,-9.382033987543076,-0.5359828013646303,1.0
15.004685041205418,-9.484587367528382,-0.5358971483171721,1.0
15.119262024232462,-9.552749711245383,-0.53584473564695,1.0
15.348475438591516,-9.689042224877456,-0.535747817705144,1.0
15.520163218060185,-9.791085318744777,-0.5356920389981104,1.0
15.691818254297937,-9.893118809493249,-0.5356064103426158,1.0
15.863057574538123,-9.994905041146696,-0.5355248904642029,1.0
16.03408839169888,-10.09653622405083,-0.5354571417621441,1.0
16.148219058770252,-10.16432122839054,-0.5354126481503066,1.0
16.375914756913268,-10.29957816320309,-0.535315788371673,1.0
16.54639725672241,-10.400848207048416,-0.5352342960993929,1.0
16.716672227381896,-10.501963935570489,-0.5351665751448653,1.0
16.886846382005334,-10.60297460857801,-0.5351108500502592,1.0
17.056989712373507,-10.703977008814697,-0.5350252704468788,1.0
17.226719175522998,-10.804733733845426,-0.5349438167450801,1.0
17.339725702227682,-10.871775917357292,-0.5349172222395071,1.0
17.50962616987374,-10.972592578497183,-0.5348256499822307,1.0
17.74356760546708,-11.111448345073118,-0.534615592471677,1.0
17.92874737901944,-11.221365514146841,-0.5343998633903443,1.0
18.116922774479324,-11.332956621119557,-0.5342593216763253,1.0
18.30482512522923,-11.444321539900043,-0.5341542091369912,1.0
18.49249888052974,-11.555494105582959,-0.5340774913999625,1.0
18.68005576100717,-11.666540831212941,-0.5340175126293126,1.0
18.805066811257554,-11.740580255847357,-0.5339456122382107,1.0
18.992188016590795,-11.85136165219748,-0.5338765232272448,1.0
19.179187782189747,-11.962023290653525,-0.5338198362744945,1.0
19.428195865174857,-12.10938349047666,-0.5337220346159516,1.0
19.614865546771156,-12.21983298636775,-0.5336358841650449,1.0
19.801100084266462,-12.33002322862064,-0.5335537221642244,1.0
19.987106780247064,-12.440046011688546,-0.5334854723095674,1.0
20.172993042077966,-12.54995074954982,-0.5334291752670387,1.0
20.296890512151148,-12.623231504685146,-0.5333585504141894,1.0
20.482342461706867,-12.73287772221325,-0.5332903245833892,1.0
20.667674674291053,-12.842406413796347,-0.5332340488562144,1.0
20.85295749515787,-12.951914290966656,-0.5331479879793951,1.0
21.099469256487883,-13.097579567534037,-0.5330504587598426,1.0
21.284043016866736,-13.206642729317146,-0.5329683923190573,1.0
21.468391080062357,-13.315540091700136,-0.5329002080770422,1.0
21.59139115687323,-13.38816293784071,-0.5328554437335716,1.0
21.775415065132403,-13.496853267975002,-0.5327733956564974,1.0
21.959213993598315,-13.605378336071244,-0.5327052322724427,1.0
22.145628320958973,-13.715419567720037,-0.5325977881941151,1.0
22.40707658688281,-13.869856458537363,-0.5323147060014358,1.0
22.608086670202166,-13.988443759243339,-0.532187832145392,1.0
22.809387714109985,-14.107155041647882,-0.5320779811660784,1.0
23.010251938805595,-14.225581555732415,-0.5319850633398311,1.0
23.143992887921936,-14.304382828456964,-0.5319549452111805,1.0
23.34470904128102,-14.422658119342673,-0.5318660876050273,1.0
23.544972661324554,-14.540660992829942,-0.5317823676740406,1.0
23.744990446147312,-14.658483886564778,-0.5317132691404586,1.0
24.01144717017993,-14.815406769066094,-0.5316148178214417,1.0
24.211025674919018,-14.932895842314757,-0.5315579644866887,1.0
24.410537004951244,-15.050352114339494,-0.5314714187022485,1.0
24.543156663824707,-15.128438252701901,-0.5314182690303194,1.0
24.742134185331988,-15.2455211489454,-0.5313614889313694,1.0
24.941045312472344,-15.362571840896278,-0.5312749856233305,1.0
25.139505053081827,-15.479353873038013,-0.5311923351392106,1.0
25.33762655607692,-15.595824896150884,-0.5239526116791874,1.0
25.601972638151466,-15.747490879752716,-0.47735618943601543,1.0
25.802559352443186,-15.853875715124374,-0.4305317878088697,1.0
25.93867399605212,-15.920592236634878,-0.41239533913015863,1.0
26.14515913959104,-16.015356262793436,-0.40280602057977827,1.0
26.35300772523935,-16.106371120692987,-0.40076699441065117,1.0
26.56129716830518,-16.195676330798598,-0.39992736473541,1.0
26.769635720781825,-16.28418826052098,-0.39957288124746165,1.0
27.047220232831542,-16.40162313735595,-0.3994165315282318,1.0
27.185881487353623,-16.460198406663803,-0.3994071329345727,1.0
27.393681261265847,-16.5479508744652,-0.3993874222136837,1.0
27.601238633910835,-16.63559984850165,-0.39936950921026965,1.0
27.877604838264798,-16.752305365116854,-0.3993476153706572,1.0
28.015628664809565,-16.810584904861226,-0.39934281490549883,1.0
28.22246551877842,-16.89791288464099,-0.39934356510458024,1.0
28.42906112543873,-16.98513821383734,-0.399345875224189,1.0
28.635415670227925,-17.072261366727684,-0.39934946881611966,1.0
28.84152947526283,-17.159282473577708,-0.39935435001157604,1.0
29.115645814116647,-17.274274191430077,-0.3767367728169217,1.0
29.2527951506769,-17.329991163138452,-0.35715434290612813,1.0
29.46000501497724,-17.409944598874816,-0.34925354328487324,1.0
29.66790282915659,-17.48731351119501,-0.3478238360047328,1.0
29.875974843213836,-17.563466853830707,-0.3472432925324975,1.0
30.083979530417963,-17.639046082253245,-0.3469994473440882,1.0
30.361049502978773,-17.7393879172849,-0.3469077358022051,1.0
30.499439649393388,-17.789454749059516,-0.34690610134754013,1.0
30.7063663509437,-17.863888842967043,-0.32712860899291596,1.0
30.91280665834112,-17.934551236521312,-0.2837765049984336,1.0
31.11858146248796,-17.996541743549642,-0.21522192215061253,1.0
31.39475649525038,-18.057997015761735,-0.11624127805358177,1.0
31.534909895724685,-18.079632748479856,-0.08096983620865147,1.0
31.74658890303544,-18.102816796847797,-0.0570952880638705,1.0
31.958635189052224,-18.118937690461703,-0.053238525669587776,1.0
32.17061435753479,-18.131976453179597,-0.05173268415318321,1.0
32.45297428897396,-18.14742385583207,-0.05099086355743384,1.0
32.59400879464728,-18.154800978468273,-0.050842276168952684,1.0
32.80533726154667,-18.16566344012436,-0.04888144488114863,1.0
33.0158327630934,-18.17582504924919,-0.027381146449439085,1.0
33.224687795437504,-18.182414241766732,0.016633605454632043,1.0
33.430361578618744,-18.180801051065973,0.08499702828747636,1.0
33.701397637304424,-18.159418373635148,0.17658491515257857,1.0
33.83646906975551,-18.140339232049598,0.20600040499645367,1.0
34.03770869820269,-18.103624567932965,0.2264962469100655,1.0
34.23753697538521,-18.061065867838153,0.22975595029710763,1.0
34.43655358461965,-18.016028059625494,0.23102521056176956,1.0
34.63508780586527,-17.969956116596283,0.23155141258186857,1.0
34.83289026327565,-17.923359372073065,0.2455257646588843,1.0
35.09337694261892,-17.857574236301378,0.29728065776204643,1.0
35.220570713419995,-17.820961635763165,0.3395279769483171,1.0
35.40624117051077,-17.757795796103483,0.4112443610732349,1.0
35.588744439890604,-17.683335952571486,0.4589190079914128,1.0
35.76776696778109,-17.60021754286238,0.4862707812555245,1.0
35.94384605090368,-17.51128411329123,0.4942623041372582,1.0
36.11816467436444,-17.419499515572447,0.4959642684976309,1.0
36.291607350621526,-17.326559354231016,0.49664942342990576,1.0
36.46456561182995,-17.233197370421852,0.49693203177791767,1.0
36.63716909430136,-17.139722596707475,0.4989744933955611,1.0
36.808185224639224,-17.04620936818857,0.5269888834671944,1.0
36.977338025170596,-16.949692943896324,0.5478878221534264,1.0
37.14452524825969,-16.850021323239336,0.5536798052674807,1.0
37.31050347583593,-16.748761267429142,0.5547247414410763,1.0
37.47583785406579,-16.64688359969941,0.5551398817107976,1.0
37.64079223476141,-16.544813297790597,0.5552972833939226,1.0
37.80483847997697,-16.442779809344753,0.5728844227885287,1.0
37.96540231615819,-16.339558482120886,0.6177519815475538,1.0
38.12131119590893,-16.231292496154307,0.6678440715173245,1.0
38.27288071682717,-16.11636377715142,0.701258146910502,1.0
38.42052807265211,-15.996284243506366,0.714655596872316,1.0
38.56553652343257,-15.873368964178514,0.7168251727980394,1.0
38.709296706134154,-15.749338849334725,0.7176394243232064,1.0
38.852427401573365,-15.624915899893132,0.7179727325595238,1.0
38.94764197233515,-15.54191366490443,0.7180624396574817,1.0
39.09025101503757,-15.4174402836007,0.7181113592263401,1.0
39.280093259482044,-15.251639317113844,0.7181289113642133,1.0
39.422279929730365,-15.12744784624803,0.7181324866084697,1.0
39.564304046689614,-15.00339771817346,0.7181345947596492,1.0
39.70616585140132,-14.879488787461474,0.7181352650751719,1.0
39.84786557483949,-14.755720887122248,0.7181345118726618,1.0
39.98940341625269,-14.632093827444214,0.7181323302380556,1.0
40.08432122779182,-14.549194850400536,0.7181473421192892,1.0
40.22997658135158,-14.422086408377151,0.7182532956859609,1.0
40.42798964177782,-14.249300429230559,0.7184012807732737,1.0
40.57634553360277,-14.119787319458926,0.7184795201696068,1.0
40.724567768485755,-13.99032636052434,0.7185393486192445,1.0
40.872770960145054,-13.860888441146635,0.7186266253806196,1.0
41.02061182110057,-13.731764997104246,0.7187087705453321,1.0
41.1190045489791,-13.645780843858535,0.7187355477929426,1.0
41.266728937092076,-13.516707917452564,0.7188212422975947,1.0
41.414092548390684,-13.387950219544306,0.7189027097986105,1.0
41.561141363103324,-13.259387212734103,0.7226770735426268,1.0
41.7552682416981,-13.087496235826652,0.7537920849488342,1.0
41.89797113493055,-12.955942173927921,0.762883566956535,1.0
42.03902111601387,-12.822898237833112,0.7641052435743413,1.0
42.179232702309385,-12.689301458850546,0.7645820005132327,1.0
42.27244462883746,-12.60014017408205,0.7647307446673767,1.0
42.412011379492384,-12.466402324878256,0.7648205270000072,1.0
42.55135420505101,-12.332750361004553,0.7648265906495284,1.0
42.736880479155445,-12.154768608973662,0.7648091564013872,1.0
42.87583894888397,-12.021459881492753,0.7647942333078661,1.0
43.016491890949986,-11.886572103115814,0.7648269889256454,1.0
43.16431544791116,-11.744954426520565,0.7650031997049344,1.0
43.26820978550673,-11.645454122495794,0.7651936851079423,1.0
43.42749300897243,-11.492806663868665,0.7653889719635995,1.0
43.58742911316573,-11.339387133145443,0.7655064507354803,1.0
43.747218155693766,-11.186002448776854,0.7655793958161644,1.0
43.90695478424871,-11.03265573907764,0.76567263054846,1.0
44.11944509877414,-10.828614664981394,0.7657738265602131,1.0
44.27854143779123,-10.675836885198219,0.7658570399420846,1.0
44.43741052266,-10.523236773780495,0.765925759217365,1.0
44.543370674619126,-10.421415014657319,0.7659707522544783,1.0
44.70194262625688,-10.269079932618288,0.7660531072185959,1.0
44.86028859465256,-10.116922518134652,0.7661214859882067,1.0
45.01848503258809,-9.96485249796342,0.7661779067559817,1.0
45.17664402500064,-9.812827962511186,0.7662640832113273,1.0
45.33443427702825,-9.661155522610567,0.7663463174750249,1.0
45.54457157596624,-9.45910193300764,0.7664440022562995,1.0
45.64941665317683,-9.35825101302075,0.7664709997263138,1.0
45.806797210867714,-9.20688670579749,0.7665571415184759,1.0
45.963810177155025,-9.05587371170206,0.7666393372443876,1.0
46.12059939432038,-8.905036781663917,0.7667076152713245,1.0
46.27724122974548,-8.754285598957637,0.7667639557868092,1.0
46.433847682068354,-8.603578216966131,0.7668500675292338,1.0
46.64217799999307,-8.403058185350698,0.7669476854215889,1.0
46.74610503525732,-8.303039777990305,0.7670004799279111,1.0
46.90197602752474,-8.152943109825403,0.7670567925279654,1.0
47.05781266997312,-8.002889397486223,0.7671428845821643,1.0
47.21328397489447,-7.853185438285103,0.7672250013415504,1.0
47.36853370807173,-7.703655914961373,0.7672932274443723,1.0
47.52363811361877,-7.554210515408078,0.7673495081260159,1.0
47.678709165450826,-7.404807237612698,0.7674355704687791,1.0
47.88499570901103,-7.206023543474926,0.7675331046668251,1.0
47.987902367453636,-7.106872279290984,0.7675858549835416,1.0
48.142244403970665,-6.958074910823357,0.7676421004660309,1.0
48.2965541112537,-6.809318835997377,0.7677281372688795,1.0
48.45050072793817,-6.660910988940271,0.7678101895978753,1.0
48.604227911768994,-6.512675946554278,0.7678783590057072,1.0
48.757811800123655,-6.36452340871933,0.7679345772703118,1.0
48.91136434220292,-6.216411330447044,0.7680205840942113,1.0
49.06455489562105,-6.068646727845757,0.7681025962936923,1.0
49.21752707297932,-5.921054129966666,0.7681707348162271,1.0
49.3703569603694,-5.7735432470220625,0.7682269165908092,1.0
49.52529716166643,-5.624027632091518,0.7683412658372809,1.0
49.68247914691292,-5.472343508817136,0.7684586522909223,1.0
49.83946953231323,-5.320709301013768,0.7684955377095156,1.0
49.99649758379674,-5.169059896239287,0.7685750325833814,1.0
50.153160772608295,-5.017769614249366,0.7686548042808017,1.0
50.30960212838567,-4.8666574190792184,0.7687221722331277,1.0
50.46589697311857,-4.715631854188668,0.7687781241061534,1.0
50.57009638312027,-4.614977594550147,0.7688486453121328,1.0
50.77805111753406,-4.41402026102366,0.7689461537906607,1.0
50.93372319710845,-4.263565821979464,0.7690143758268216,1.0
51.08924916956247,-4.113196588805826,0.7690706749056033,1.0
51.2447409289217,-3.9628703456055496,0.7691567572976482,1.0
51.399868130730546,-3.812894544585076,0.7692388740999908,1.0
51.55477417260396,-3.663093569153785,0.7693070939420683,1.0
51.658094753264415,-3.5631356811062203,0.7693518877781897,1.0
51.863915816418256,-3.3638835160866307,0.780915108567504,1.0
52.01579715517613,-3.213819671226064,0.8142707093065621,1.0
52.16385785239367,-3.0602082296097772,0.8412744783070579,1.0
52.308198226939915,-2.90325474068034,0.8461446157502182,1.0
52.450470578441376,-2.744769459991385,0.847448330103787,1.0
52.54472258863415,-2.638766878671845,0.8478539568119994,1.0
52.73248688665465,-2.4265465378599327,0.8481968208595324,1.0
52.87292518612812,-2.2674239085035537,0.8482654971414268,1.0
53.012737860067666,-2.1085524339417057,0.8622617814190776,1.0
53.148959023199595,-1.9497350705198593,0.9088196018010691,1.0
53.27927081436285,-1.7867052407173145,0.9553066824684662,1.0
53.362510932206014,-1.6750620519031536,0.9763029347263641,1.0
53.48277339302861,-1.5042562069916516,0.986837394892526,1.0
53.63822619258497,-1.2736376489593866,0.9893583411121297,1.0
53.75323548355329,-1.0999656103003566,0.9899833443486457,1.0
53.867651272052406,-0.9261904487564953,0.9902434855462974,1.0
53.98161265880257,-0.752575462525251,0.9969505945809384,1.0
54.09383038177544,-0.5791363314184536,1.0256793971221447,1.0
54.2007048073341,-0.4049224103030778,1.0773225382205835,1.0
54.26791617726812,-0.2866804699538161,1.1100993660221206,1.0
54.36264817897555,-0.10547587295031867,1.1337623693415322,1.0
54.4521154405385,0.07816836574256797,1.1374176691082176,1.0
54.567861597426074,0.3242931944513813,1.138941393843598,1.0
54.65348471541743,0.509060824860001,1.1436071749813752,1.0
54.73749695169532,0.6934628078959868,1.1680677693671706,1.0
54.816962526779996,0.8776265096068405,1.215648672592835,1.0
54.86532183484195,1.0006817201236708,1.258403490552808,1.0
54.92960810197717,1.1882557375436764,1.3142053325130623,1.0
54.98490025370098,1.3793808804005625,1.3370377350523683,1.0
55.03433720196754,1.57191198607058,1.341068098583645,1.0
55.08105828791168,1.7648633383474515,1.34242101963909,1.0
55.14159252094627,2.022146423187183,1.344954472738461,1.0
55.185610774635464,2.2141609016893224,1.370183063666442,1.0
55.22524178674016,2.405043733541753,1.4185075557713889,1.0
55.24776511649739,2.5331506371630668,1.4451867002107668,1.0
55.27596693672006,2.7264585810137993,1.4606874083218353,1.0
55.29990993762321,2.920136764120374,1.4636885097850374,1.0
55.321856421024584,3.1138147416312956,1.464660919765009,1.0
55.34987349539113,3.371837224136901,1.4651295821573533,1.0
55.37051815237912,3.5651325324798155,1.4652305024020316,1.0
55.39103524799276,3.7582176999514565,1.4652490250363746,1.0
55.41148638351824,3.9510525602877733,1.4672077920202073,1.0
55.42492663758565,4.079277945269525,1.4760912673755686,1.0
55.44314942795083,4.270286773066064,1.5114877130933175,1.0
55.45676271890381,4.46189607248473,1.5282101626156466,1.0
55.46691488294125,4.653544258061435,1.5303397893331465,1.0
55.47824573804175,4.908843812238803,1.531233596338,1.0
55.48608515305306,5.100088428647582,1.5314541043105823,1.0
55.491185242035954,5.22746867939451,1.531514523053576,1.0
55.49874779527539,5.418360304442737,1.5315443947541536,1.0
55.50628102130178,5.60903466121257,1.5315632736544103,1.0
55.5135817489356,5.799039842962705,1.5461720394620777,1.0
55.518580443485874,5.98750879270676,1.5834910343260766,1.0
55.51846957776674,6.175953614165459,1.612620479085933,1.0
55.51338446391678,6.364337711909953,1.6188918965864083,1.0
55.50579517286039,6.552424936091779,1.620205404438674,1.0
55.497118345876494,6.7402440958317245,1.620729462286868,1.0
55.48799485083557,6.927827297534208,1.6209347081230412,1.0
55.47869507786906,7.115187751234925,1.6210004324484752,1.0
55.46924990005442,7.304324294772356,1.6210337616423178,1.0
55.4597105287649,7.4967512811872465,1.6211224659155383,1.0
55.450143453141735,7.68921135713638,1.6211895013840514,1.0
55.43737052223232,7.9456343509434895,1.6212857448040368,1.0
55.43095448429083,8.073868049600295,1.6213300426079287,1.0
55.42138949150231,8.26571081354107,1.6214112654751365,1.0
55.41181076950533,8.45730339589256,1.621478788996526,1.0
55.402200346330716,8.64876187836499,1.6215343082984564,1.0
55.39260018704701,8.840197993879633,1.6216197138349524,1.0
55.38302423345706,9.031161507242901,1.621700949530654,1.0
55.37343459668311,9.221876084923958,1.6217684705766109,1.0
55.363897306722826,9.412261643108712,1.613932167517577,1.0
55.355620386165384,9.602095670374627,1.5887017686138662,1.0
55.350662811176655,9.791653013270388,1.5791738545763452,1.0
55.34791409165314,9.980970110212278,1.5780146765841858,1.0
55.34610035500558,10.170163646746332,1.577604619369698,1.0
55.344707408792374,10.359339034543185,1.577494588143386,1.0
55.34348617457019,10.548045228376818,1.57748593406332,1.0
55.34232075493186,10.736506944616393,1.5775181938072207,1.0
55.341142829954705,10.924840482282912,1.577562900408322,1.0
55.33998466233376,11.113450764332542,1.5776498240249328,1.0
55.33882385903008,11.308420240534856,1.577804076226137,1.0
55.33760913545075,11.515954122174128,1.5780555347737941,1.0
55.336284692454576,11.732031581762326,1.5782666292438419,1.0
55.33483688409478,11.949662016546757,1.5783870059078229,1.0
55.3333108924682,12.167201139492956,1.578461585639201,1.0
55.331775002458606,12.384678628091576,1.5785555269891187,1.0
55.33023378357371,12.601648580336978,1.578640959339722,1.0
55.32866345317318,12.818336335234742,1.5787104768123623,1.0
55.327052736891375,13.034859242443055,1.578767326895357,1.0
55.32544901726494,13.251327467175836,1.5788536505977155,1.0
55.3238473696544,13.467289746937611,1.578935874716713,1.0
55.32221966442753,13.682971048787788,1.5790041406723692,1.0
55.321103320050064,13.826857031494447,1.5790489479126497,1.0
55.31889374318749,14.113953257727367,1.5791465096140465,1.0
55.317237072396075,14.32891308466265,1.5792286022015511,1.0
55.31555457992736,14.543593269160334,1.5792968027747962,1.0
55.31383319404869,14.758111229272856,1.5793530531669253,1.0
55.31211949290898,14.972577126252123,1.5794390900337878,1.0
55.31040850851003,15.18653975058683,1.579521141515963,1.0
55.30923265898157,15.328976991610075,1.5795480524417005,1.0
55.307482923276446,15.542780129004315,1.5796340694203272,1.0
55.30512877166552,15.827220093555773,1.579731539475798,1.0
55.30336404366058,16.040190774346005,1.5798135535868358,1.0
55.30157379902917,16.252884477484937,1.579881696119008,1.0
55.299744888400774,16.465418541168027,1.5799378826937684,1.0
55.297923835981344,16.677903112997477,1.5800238661833863,1.0
55.29672323365234,16.819129268894116,1.5800765521867053,1.0
55.29485897951288,17.031006652698093,1.58013271957923,1.0
55.29300263538873,17.242835396119876,1.5802186833342053,1.0
55.29114957568553,17.45416438984117,1.5803006394222978,1.0
55.28863636500112,17.735649295580167,1.5803980141879788,1.0
55.28674059487112,17.94637730060747,1.5804661010521717,1.0
55.28480638441277,18.15694820499527,1.580522226164418,1.0
55.28287912624631,18.36806868816478,1.580620075671821,1.0
55.28159476747717,18.511674493418848,1.5807136496865704,1.0
55.27958612582708,18.736535663143087,1.5809405789682558,1.0
55.27745893704848,18.969186171510913,1.5811453515881497,1.0
55.27444365248172,19.282114329692025,1.5813130439811636,1.0
55.27209970374415,19.516528569703567,1.5813846624657484,1.0
55.26974803197969,19.750861671553352,1.581477607794802,1.0
55.267392759396024,19.984664638033358,1.5815630990541905,1.0
55.26578561376325,20.14031350213989,1.5815911569883476,1.0
55.26338639863525,20.373913004625102,1.5816783569890343,1.0
55.260989188854644,20.60698339609855,1.5817613793973866,1.0
55.25856546056461,20.839749476355014,1.5818302129009871,1.0
55.255305592213446,21.149812824789915,1.581928547558743,1.0
55.252823224239926,21.38202832943875,1.5819853823346672,1.0
55.25034745398745,21.61416853168333,1.582071926377821,1.0
55.24787457302601,21.845781603335926,1.5821546280240104,1.0
55.24619073840444,21.99997219870935,1.582181878948863,1.0
55.24367759310338,22.231386669095258,1.5822683977970762,1.0
55.241167491812575,22.462274998240655,1.5823510708660926,1.0
55.23863144556075,22.69286200228421,1.5824197401414342,1.0
55.23522235580449,23.000024426530903,1.582517926935413,1.0
55.23262847673807,23.230067651275146,1.5825746779797665,1.0
55.230041402012986,23.46003845722724,1.582661156651169,1.0
55.2274576701529,23.68948508545865,1.5827437761588539,1.0
55.22570013223789,23.84223303439428,1.5827709816212634,1.0
55.22307649456045,24.071485870420073,1.5828574409770444,1.0
55.22045634761526,24.300215521354872,1.582940034858799,1.0
55.21781056356845,24.528646775663823,1.5830086375370478,1.0
55.21512561049443,24.75689750142249,1.5830653298867252,1.0
55.211552582650505,25.06083343993084,1.5831634139595636,1.0
55.208856600865595,25.28865802191106,1.5832498278154787,1.0
55.2070735827775,25.44009915814898,1.58330288061528,1.0
55.20433477882235,25.667282056512505,1.5833595408645744,1.0
55.20159724260325,25.89856352522146,1.5834996291654975,1.0
55.19874314505361,26.141484687466747,1.5837586457969715,1.0
55.195717918338566,26.394552703441423,1.5840012935470293,1.0
55.192531244189986,26.6512684823933,1.584175363161852,1.0
55.18804651065314,26.99287454881622,1.5842249548796623,1.0
55.18465429813562,27.248747182437114,1.5842269019364772,1.0
55.1823944288039,27.41915547580083,1.5842271964430588,1.0
55.17900773208478,27.67451447806676,1.584226680551186,1.0
55.175624738708585,27.929569859154125,1.584225001239608,1.0
55.1722454289,28.184321431129145,1.584222146064907,1.0
55.16886979783635,28.438769764596724,1.5842181158389035,1.0
55.16549783978988,28.692915235763508,1.5842129101912348,1.0
55.16100759956043,29.031305474705803,1.584204140895797,1.0
55.157644192386726,29.28474592997826,1.5841961944238212,1.0
55.155403949334456,29.4535387439973,1.5841902424308116,1.0
55.15204662251503,29.706477030886745,1.5841803323818933,1.0
55.14869294230437,29.95911457050154,1.584169248143109,1.0
55.145342900189746,30.211451769431235,1.5841569878197406,1.0
55.14199648737913,30.463489038535577,1.5841435503243124,1.0
55.13865370250272,30.715226794261344,1.5841289381428831,1.0
55.135314531655524,30.966665445676895,1.584113144182199,1.0
55.13197897586224,31.217805405526686,1.5840961750055067,1.0
55.12864702571918,31.468647079318817,1.5840780264889185,1.0
55.12531867410964,31.71919089092715,1.584058698535142,1.0
55.12199391556243,31.969437241482378,1.5840381928346885,1.0
55.118672743880964,32.21938654994374,1.5840165087841718,1.0
55.11425008352573,32.55219093135344,1.5839857625478109,1.0
55.11204113384464,32.718395673109285,1.5839696017702274,1.0
55.108730679303086,32.967456282818326,1.583944376090904,1.0
55.10542379141783,33.21622145007421,1.5839179764321272,1.0
55.10212045562451,33.46469158241602,1.5838903954574408,1.0
55.09883081993292,33.712867201885004,1.5838720381551117,1.0
55.095549598298774,33.9607486633835,1.5838575493691402,1.0
55.0922719680422,34.20833632839235,1.5838419204479965,1.0
55.089003079701335,34.455630639609836,1.5838303695688165,1.0
55.085746754406934,34.70263204184579,1.5838271167507523,1.0
55.08249427355992,34.94934083370883,1.583822923879987,1.0
55.07924526696108,35.195757430817366,1.583817517799543,1.0
55.07599973560728,35.441882227153584,1.5838109026218166,1.0
55.07275767950244,35.68771560482809,1.5838030824657723,1.0
55.069519090862734,35.933257976585374,1.5837940554604633,1.0
55.06736195524871,36.096791423858065,1.5837873666967792,1.0
55.06306218086436,36.423471421504196,1.5837825138382076,1.0
55.05984859702933,36.668143325467156,1.583784918868406,1.0
55.056638515011834,36.91252581657002,1.5837861577674541,1.0
55.05343185553932,37.15661927417554,1.5837861743523,1.0
55.050228619321636,37.400424105863664,1.5837849728099258,1.0
55.04702879864416,37.643940705875586,1.5837825509042451,1.0
55.04489747964677,37.80612516480928,1.583780258433289,1.0
55.04170334281471,38.04916224646381,1.5837758060488192,1.0
55.03744977751834,38.37276500672229,1.5837679669688924,1.0
55.0342635655189,38.61513259002834,1.5837606644948983,1.0
55.03108074465879,38.85721389217915,1.5837521427152843,1.0
55.02790130028093,39.09900931141056,1.583742393794949,1.0
55.024734967504955,39.340519331051205,1.5837413971957477,1.0
55.02157667478686,39.58174430186174,1.5837440162844425,1.0
55.018421806484355,39.822684546375996,1.5837454545687097,1.0
55.01632041610634,39.983153393852476,1.5837457234806507,1.0
55.01212209887458,40.303712442257186,1.583744619198069,1.0
55.00897725530277,40.543800861082666,1.58374235082062,1.0
55.005835746544584,40.78360610363605,1.5837388504341672,1.0
55.00269756926701,41.023128559674106,1.5837341191236118,1.0
54.999562708965456,41.26236861041919,1.5837281478710794,1.0
54.99643117126295,41.501326636517526,1.5837209468466342,1.0
54.993302942385625,41.74000302958416,1.5837125092767952,1.0
54.99121929451326,41.8989643463062,1.5837061992591057,1.0
54.98809657472325,42.13717218987689,1.5836957059506893,1.0
54.984987056717884,42.3750995108656,1.583694126386314,1.0
54.98085251053371,42.691900133738166,1.5836966795773086,1.0
54.9777554699196,42.92917419285654,1.5836971785372647,1.0
54.97466169428052,43.16616889510784,1.5836964285536477,1.0
54.97157118574145,43.402884628138715,1.5836944360066674,1.0
54.9695126523994,43.560540318371835,1.5836924115961346,1.0
54.966427571074775,43.79679192987582,1.5836883419885373,1.0
54.96334573435534,44.032765570460626,1.5836830225015153,1.0
54.960267145677534,44.26846161416523,1.583676459462785,1.0
54.95616739489151,44.58229184346364,1.583665767276499,1.0
54.95309635286081,44.81734163083122,1.5836562935375251,1.0
54.951050785379266,44.973887946392864,1.583649285445793,1.0
54.94799961826769,45.20847752028043,1.583652624623114,1.0
54.94495167209942,45.44279136955441,1.5836547180460803,1.0
54.941906913504745,45.67682987377036,1.5836555430804256,1.0
54.93886534993528,45.91059340235119,1.583655109264808,1.0
54.93481489491682,46.221850996071204,1.5836525734156224,1.0
54.931780764899024,46.45497435291863,1.5836491997539581,1.0
54.929759779486865,46.610237819040485,1.5836462526866844,1.0
54.92673094620598,46.842905137614395,1.5836407817286209,1.0
54.92370528617007,47.07529932583878,1.5836340543200729,1.0
54.920682790245436,47.307420753474716,1.5836260670182805,1.0
54.91766212418484,47.53957385105257,1.583623013940812,1.0
54.914693647383864,47.77560518892534,1.5836928480384846,1.0
54.91065099343837,48.10838764684962,1.5839921615594708,1.0
54.90852542720034,48.284749891842196,1.5841994433907673,1.0
54.90513242139738,48.55815324163258,1.5844705007263844,1.0
54.901539977890934,48.83464670741407,1.5846203157838208,1.0
54.897878623900624,49.11117265411233,1.5847407449695112,1.0
54.89281604838484,49.47908191702027,1.5847797686416063,1.0
54.89027743862842,49.66283333196791,1.5847881811830113,1.0
54.88646763863797,49.938177710133516,1.5847944247997334,1.0
54.882653038754114,50.21318759381686,1.584790064317837,1.0
54.878842388815066,50.487866704837224,1.5847843629495686,1.0
54.87376817004081,50.85359032867238,1.5847750569806613,1.0
54.87123390530003,51.036231789751064,1.584769673831117,1.0
54.86743604870792,51.309918899694395,1.5847606786580282,1.0
54.86364244662334,51.58327633039959,1.584750588437294,1.0
54.85985308482427,51.8563045365071,1.584739396846185,1.0
54.85606795989842,52.12900398058491,1.5847271068366295,1.0
54.851027703695735,52.49209262037268,1.5847090099944405,1.0
54.84851038540137,52.673418426373736,1.5846992252709176,1.0
54.844737921362906,52.9451343775022,1.584683632758938,1.0
54.84096966397448,53.216523425747276,1.5846669391415475,1.0
54.8372056095789,53.48758602436017,1.5846491478296945,1.0
54.83344573965556,53.75832263153101,1.5846302492376614,1.0
54.829690054759574,54.028733708449515,1.5846102488782485,1.0
54.825938552117314,54.29881970915992,1.5845891503833076,1.0
54.82094302469444,54.65842949836432,1.5845592973078504,1.0
54.818448033380065,54.838018317588386,1.5845436341179526,1.0
54.81470900745171,55.107131840135,1.5845192193887914,1.0
54.8109793570583,55.37592216728161,1.584498974309972,1.0
54.80726291127632,55.644389802773055,1.584487127119387,1.0
54.803550934649785,55.91253507478231,1.584474426808219,1.0
54.79984305713164,56.18035844366842,1.5844605995676757,1.0
54.79614455011489,56.44786041790536,1.5844509654040801,1.0
54.792459266827535,56.71504152965806,1.5844497800036086,1.0
54.78877841722757,56.98190209596639,1.584447731837038,1.0
54.78510162601585,57.24844256129553,1.5844445428286575,1.0
54.781428898226544,57.514663379658465,1.5844402209731947,1.0
54.7777602262655,57.78056498903221,1.584434765144194,1.0
54.7740956054141,58.04614783565249,1.5844281766413988,1.0
54.770435027900845,58.31141237924744,1.5844204543036071,1.0
54.76677848842905,58.57635904662304,1.5844115987343705,1.0
54.76313571232335,58.84098839313624,1.5844115827022442,1.0
54.76071251297832,59.01723186530791,1.5844141442934672,1.0
54.755871615327095,59.36929669229897,1.5844178590021674,1.0
54.7521233940805,59.63265064176227,1.5959185157973361,1.0
54.745642846422925,59.89412841619046,1.6386255672252406,1.0
54.731341659561465,60.15507486575348,1.6725122648535495,1.0
54.70942329138871,60.415252239235535,1.679081840266327,1.0
54.683522838981744,60.67472105004461,1.6811126117036561,1.0
54.65584539039641,60.933683411805625,1.6819835564620187,1.0
54.63694006929299,61.10610144711788,1.6822682377186386,1.0
54.59867501323534,61.450470843096475,1.682515960301708,1.0
54.56982356683018,61.70836681283243,1.6825661452800027,1.0
54.54095895112902,61.96594965973602,1.6825663243390319,1.0
54.51212774468817,62.22322491423886,1.6825648032913396,1.0
54.48333064689219,62.48019308545844,1.6825621481375728,1.0
54.46415148810515,62.651334803770816,1.682559733280152,1.0
54.43541107295392,62.90779209513449,1.6825551433993284,1.0
54.39714331668596,63.24925929984562,1.6825472181490309,1.0
54.368482034972686,63.5050033565811,1.6825399189119326,1.0
54.33985458591201,63.760442449495784,1.6825314573567483,1.0
54.31126092372052,64.0155770054335,1.6825218346699897,1.0
54.28270100039301,64.27040743524438,1.6825110494713924,1.0
54.263679771883545,64.4401256354698,1.6825032144893977,1.0
54.235175973658706,64.69445010542591,1.6824904925736464,1.0
54.20670578426656,64.94847156506182,1.6824766053971312,1.0
54.17826916170291,65.20219045371647,1.6824615571423658,1.0
54.14959981852102,65.455266626443,1.6969697712895673,1.0
54.10600626671395,65.78959233347388,1.7534815523305678,1.0
54.06433894076712,66.03895462476744,1.7746507153288593,1.0
54.01674593473939,66.286935138145,1.7790725068620807,1.0
53.96625914885526,66.5340211198582,1.780563178455365,1.0
53.91452663001052,66.78053710868947,1.7812007212201333,1.0
53.87973358777061,66.944646942491,1.7814078987290334,1.0
53.827355640896684,67.19051714217338,1.7815505000758374,1.0
53.774903775869,67.43606644290699,1.7815913236980105,1.0
53.72242568342288,67.68120919092968,1.7873928430028072,1.0
53.66869029851643,67.92441661097662,1.8232398595591597,1.0
53.608731297221794,68.1630192080014,1.8908111226332538,1.0
53.53595667073558,68.39443442976635,1.9764084917615414,1.0
53.44679573930407,68.62051534197113,2.0373831053861324,1.0
53.34411035813436,68.84069670587355,2.073637863852544,1.0
53.232365725580934,69.05609373832277,2.080484399824033,1.0
53.07748258959908,69.33953195771694,2.0833234299236154,1.0
52.998992528256515,69.4804479491829,2.0839034260264047,1.0
52.880777816135904,69.6912797218756,2.0843392254490807,1.0
52.762360382533764,69.90167054507396,2.0845161127487963,1.0
52.6439373991676,70.11173140789715,2.0845732922507527,1.0
52.5255986725707,70.32151320655919,2.084575509551003,1.0
52.407394696884054,70.53104467450288,2.084593567121411,1.0
52.289329700371454,70.74032866066231,2.0846102358112804,1.0
52.13212582716892,71.0189897516487,2.0846305290571596,1.0
52.05361638156396,71.1581558552162,2.084639842267396,1.0
51.936012525638915,71.36518093202086,2.1148476089909853,1.0
51.81473500088918,71.56784569105793,2.1672855766962855,1.0
51.68560490928533,71.76603513682345,2.1969407886229075,1.0
51.550537841548824,71.95999152718711,2.203005091086817,1.0
51.41270780331483,72.15162589906437,2.204816365347928,1.0
51.27375274695848,72.34209055147855,2.205578307622803,1.0
51.18087577201281,72.46870009236926,2.205823324046974,1.0
50.994954443603405,72.72002735300711,2.2358181502512005,1.0
50.85308697069548,72.90265206724652,2.2959804531876635,1.0
50.70483873943468,73.07387433522784,2.3831491016686797,1.0
50.545607940717346,73.23085692726112,2.4723607406933783,1.0
50.374455355212774,73.37458354168251,2.542411663955891,1.0
50.19368581241815,73.50698031048447,2.5809800231216506,1.0
50.00717272002249,73.63071421394386,2.594380881213357,1.0
49.817951876205214,73.74964300343741,2.597196647087548,1.0
49.69117824679312,73.82762256242225,2.598071327307725,1.0
49.50067426059951,73.94360822079786,2.598720470755592,1.0
49.24667188829971,74.0972239426248,2.6033628711763677,1.0
49.05666453531888,74.21057772804119,2.63403605564067,1.0
48.86610471353135,74.31785029547532,2.69079805501183,1.0
48.6737377212931,74.4137886192167,2.769450949229003,1.0
48.47601134010151,74.49607784092471,2.8390021180638296,1.0
48.27292770983663,74.5659735010492,2.8826110057882395,1.0
48.066786790138906,74.62612880271904,2.901841213498413,1.0
47.85930345917469,74.68036989117458,2.9051384704448764,1.0
47.72073861029,74.71496407351576,2.906115975711682,1.0
47.51282596141572,74.76570687442795,2.9068362267864605,1.0
47.305004835462796,74.8157704166429,2.9071375833635886,1.0
47.09736209474932,74.86551659754106,2.9072411407236696,1.0
46.88993461253718,74.91509915898742,2.907270332451131,1.0
46.68274276666688,74.96460406846057,2.9072889073583985,1.0
46.406857877997126,75.0305105181155,2.907300944283251,1.0
46.20025057532209,75.07983765156558,2.909346581536675,1.0
45.994379717968094,75.12847351989183,2.9291202153083375,1.0
45.85768693543946,75.15911099204058,2.956509332611954,1.0
45.653973014739556,75.19868445936184,3.018251864061039,1.0
45.44964295570837,75.22742152282312,3.0798878886749175,1.0
45.24353099518371,75.24519918406035,3.117436120695914,1.0
45.03682698344873,75.25479331294692,3.1284476558487735,1.0
44.83024374020238,75.26000962208187,3.130831360249086,1.0
44.623872481480014,75.26330576668605,3.131760354670979,1.0
44.417729622241225,75.2657809850869,3.132146081600561,1.0
44.21197439690419,75.26784725169608,3.139184116785305,1.0
43.940336771906686,75.26752480719101,-3.0926403318898688,1.0
43.740253542184185,75.25931671150512,-3.0266859468428775,1.0
43.607783598161596,75.24768908297257,-2.984123904660027,1.0
43.40919808839149,75.22113141207423,-2.946908181491072,1.0
43.21181238882192,75.18662747551346,-2.934157817552388,1.0
43.0154732886018,75.14786226829527,-2.931715726925657,1.0
42.81975524256404,75.1072679900891,-2.930788824013711,1.0
42.62442961094908,75.06592684316176,-2.930406256000722,1.0
42.36507437751929,75.01006495989787,-2.91115743659032,1.0
42.23673405884581,74.98088195213563,-2.886490200844768,1.0
42.04910686871327,74.93268398377208,-2.820884074180305,1.0
41.86918136773073,74.87444557962927,-2.737727102609197,1.0
41.69451863559314,74.8034458690997,-2.6654873934965195,1.0
41.52448324272152,74.72095290157246,-2.6123077806280164,1.0
41.35854587577244,74.62946045805356,-2.58457405929557,1.0
41.195861284341746,74.53245013024949,-2.5783042469118738,1.0
41.03498073018723,74.43292637536528,-2.57670497329902,1.0
40.875070731603095,74.33240835195987,-2.5716786397881655,1.0
40.716853291466684,74.23132235245303,-2.546747368636051,1.0
40.56255823598909,74.12793422289963,-2.4991255774795236,1.0
40.41612946969023,74.0200502988024,-2.4297037579651377,1.0
40.280068164867096,73.90490074129427,-2.350787734975562,1.0
40.152181486024176,73.78037397629994,-2.288686513787809,1.0
40.07078672214425,73.69301631026866,-2.2587172975124603,1.0
39.91541773372394,73.51092616695352,-2.235537953031211,1.0
39.80299777539912,73.37123176178795,-2.233251761429115,1.0
39.692073335105526,73.23061940384588,-2.2324095881164054,1.0
39.581848508257806,73.08971848188949,-2.23206768305043,1.0
39.47198224831862,72.94879429992675,-2.2319514901933473,1.0
39.362334069109835,72.80795681596676,-2.2319185719222414,1.0
39.25283559321886,72.66725903542628,-2.23190786637496,1.0
39.179908511575064,72.5735467923786,-2.2319050939196203,1.0
39.07062154728336,72.43311086936598,-2.2319022439132183,1.0
38.96175886197827,72.29294675768904,-2.221637895971374,1.0
38.819915771935,72.10590260398367,-2.1793549251602835,1.0
38.71800629882889,71.96285877222566,-2.148627692497738,1.0
38.61989304371624,71.81698513222989,-2.135684368225206,1.0
38.524421901083926,71.66957250213107,-2.1338846354222887,1.0
38.43014861912113,71.52163057300628,-2.133240682846423,1.0
38.36764163352769,71.42291701509401,-2.133042852574923,1.0
38.24315291491962,71.2256138846146,-2.1273431617298546,1.0
38.151266692661636,71.07802020027162,-2.101754917024215,1.0
38.0635379993324,70.93008923852804,-2.0564630961438906,1.0
37.98386844152201,70.78153358699447,-1.992015134822815,1.0
37.91553032283982,70.63167005340581,-1.9163716262564792,1.0
37.857419992853366,70.47746660798087,-1.8548834406209884,1.0
37.823371280974854,70.37244274379556,-1.8253543152282876,1.0
37.77816771544029,70.21280400468726,-1.7976290298264528,1.0
37.738046655976234,70.05175683367999,-1.791194120210348,1.0
37.70040004370334,69.89031666591926,-1.7898992465515733,1.0
37.65176460898367,69.67500921825626,-1.7893033241563068,1.0
37.61575273377265,69.51364666054245,-1.7891637796027537,1.0
37.579906852320825,69.35243721674533,-1.7891329947899517,1.0
37.54413976936721,69.19140020752107,-1.7891437445367302,1.0
37.520317998601115,69.0841425439614,-1.7891520476119476,1.0
37.484619114373075,68.92340657033678,-1.789165723200544,1.0
37.44926301240578,68.76320872810524,-1.775797479469785,1.0
37.41586907334958,68.60390799289853,-1.7440405376867543,1.0
37.38724626233643,68.44561830855237,-1.696655629089081,1.0
37.35818575241345,68.23232690286287,-1.6582354214523047,1.0
37.34164177731621,68.07155369737808,-1.6515097625946276,1.0
37.3319583643456,67.96434269318831,-1.650556713045307,1.0
37.31838741112226,67.80359840976953,-1.649933503794313,1.0
37.30535899461063,67.64299123864194,-1.6496955121896126,1.0
37.29255722577842,67.48254675115422,-1.649619569881198,1.0
37.2756170020525,67.26889171628828,-1.6495850201830953,1.0
37.26293429490901,67.10885931061111,-1.6495662176528503,1.0
37.25449704945468,67.00226980381647,-1.6495645729243353,1.0
37.24185319563964,66.84253474734248,-1.6495632537317497,1.0
37.2292240180115,66.68297848059329,-1.6495635183274107,1.0
37.21660942673368,66.52360080211385,-1.6495653110843687,1.0
37.2040094154401,66.36440149499713,-1.6495686391128346,1.0
37.191423957973704,66.20538032402885,-1.6495734958609176,1.0
37.17482052719619,65.99386164521721,-1.6404686765193726,1.0
37.16369055405359,65.83634540429672,-1.6132244335559585,1.0
37.158001426277146,65.73129601279058,-1.5962922057480964,1.0
37.15208456406597,65.57362268873317,-1.5918518437536402,1.0
37.14780408432212,65.41606977031971,-1.5909800933208804,1.0
37.144233977802266,65.25867741676915,-1.5906445431997986,1.0
37.14095496927693,65.1014546045381,-1.5905314728308018,1.0
37.137720786659315,64.94246138757225,-1.5904766496034495,1.0
37.13421283848227,64.77377061469079,-1.590297807232291,1.0
37.13059703550297,64.59919201771326,-1.590129543393855,1.0
37.12703912791509,64.4236436763242,-1.5900062888900997,1.0
37.12352103538305,64.24854385556223,-1.5899113809844632,1.0
37.11889288061532,64.01528777523501,-1.5898091751821273,1.0
37.11661271068764,63.89890371333824,-1.5897818477617836,1.0
37.11317233943704,63.7241407149528,-1.5896959930655552,1.0
37.109739852246065,63.549829112259175,-1.5896149743489743,1.0
37.10633700751,63.37574307279546,-1.589547790128934,1.0
37.10297345238294,63.20176632330666,-1.5894927511659762,1.0
37.09959944292474,63.02779047635601,-1.5894077975194563,1.0
37.09620300580066,62.85312850841881,-1.589318038244604,1.0
37.09267217641992,62.6715234303047,-1.589171331461766,1.0
37.08894827594964,62.480679596907514,-1.5889780834320943,1.0
37.08518643216664,62.28542358479294,-1.5888115317246616,1.0
37.08152640006362,62.089977267760666,-1.588724680138303,1.0
37.077885858547766,61.894540092699955,-1.5886268011824383,1.0
37.074265341967205,61.6995827624278,-1.5885403165065597,1.0
37.070665019577035,61.50489531120441,-1.5902462853880912,1.0
37.066502793833926,61.311138186642886,-1.6142295366364086,1.0
37.05923043672167,61.117707145049984,-1.6379701888315061,1.0
37.04825486570593,60.92488266169504,-1.6410362495253876,1.0
37.035609375566175,60.732421409781885,-1.6418548628145784,1.0
37.02224455328027,60.54014793012363,-1.6421536860144517,1.0
37.00855690447405,60.3479223296749,-1.6422356776878821,1.0
36.99476777333955,60.156180146785765,-1.642225924961831,1.0
36.98079806642591,59.96496980877214,-1.6552440105337096,1.0
36.96491326369862,59.775036659093374,-1.6894819854347305,1.0
36.94375177874948,59.58731774128974,-1.7414176071279188,1.0
36.91408404442735,59.40298363921206,-1.8021698084290523,1.0
36.87500614351542,59.21963386143824,-1.839193596568114,1.0
36.828964524963,59.0377947395695,-1.8505827746569434,1.0
36.77919681174284,58.85704520096001,-1.8525089024378882,1.0
36.727864576082894,58.677473897564795,-1.8640683017471473,1.0
36.67463664000648,58.49963670909003,-1.8950195118193982,1.0
36.636950530031875,58.383077967705255,-1.92978768225426,1.0
36.55179994152767,58.159587631383694,-2.027168413094919,1.0
36.47575270468832,58.00085988764862,-2.104210753240481,1.0
36.38893263803295,57.84698334715822,-2.160997164424919,1.0
36.29372483057871,57.697163346656055,-2.1929494696809653,1.0
36.19302251204107,57.550860682829786,-2.205084380225622,1.0
36.08964074876702,57.40708095981484,-2.207074937480863,1.0
36.020101406603935,57.31190745483522,-2.207615350519046,1.0
35.91514713750973,57.16939545834684,-2.207923762732555,1.0
35.77515017323175,56.980115095142665,-2.20805712115148,1.0
35.67021471126097,56.83848743910575,-2.208034877582958,1.0
35.56539559026473,56.69705813231953,-2.207987688815323,1.0
35.460657893431026,56.555708447953556,-2.207940872303513,1.0
35.35590465205157,56.41462784907607,-2.217788998965865,1.0
35.28604138683796,56.3215246365437,-2.233479779203027,1.0
35.179417679748575,56.18371203762093,-2.2633782517284526,1.0
35.03240034737195,56.003783373583566,-2.277986777291447,1.0
34.92006833515632,55.870632561470984,-2.279019253792562,1.0
34.80733403672937,55.7384231089239,-2.279356760454584,1.0
34.69447816348742,55.606615282283826,-2.279463960058654,1.0
34.619105245612566,55.51869139648869,-2.279469863341833,1.0
34.50629312957907,55.3872624409102,-2.2810757289930295,1.0
34.35599130774994,55.21382995331269,-2.3144813790259406,1.0
34.241391240363356,55.08819921991185,-2.3608266503561595,1.0
34.12252099606025,54.96800879457741,-2.411465074161593,1.0
33.99811865024694,54.852878365497055,-2.449940467547526,1.0
33.91289150453581,54.77884206470545,-2.460768425319462,1.0
33.78283281975942,54.67033518384979,-2.463914485336167,1.0
33.651530017041495,54.56336321454922,-2.464805952693795,1.0
33.476145229188646,54.421997757159424,-2.4651508800624304,1.0
33.34462402577074,54.31642022124719,-2.46519313929157,1.0
33.21322119887357,54.2110451928595,-2.465160813819899,1.0
33.12552230315557,54.14070625564002,-2.465127220806391,1.0
32.994322054137584,54.03553813519119,-2.4650545308546037,1.0
32.8617847000371,53.929289367135546,-2.4649617320562287,1.0
32.67292830286417,53.77797045510736,-2.4646646269493755,1.0
32.52141844854236,53.65653750015781,-2.464437352497802,1.0
32.36665698145657,53.53240112256559,-2.464262056558598,1.0
32.26356669867149,53.449612004066665,-2.4642123244476544,1.0
32.10878517227544,53.32529607934018,-2.4641105899487346,1.0
31.902909069335905,53.159884126210756,-2.464006011785667,1.0
31.748767821014017,53.03603022842327,-2.46392248690436,1.0
31.59484442359998,52.91231480679076,-2.4638540052597007,1.0
31.492160792535884,52.82974455753499,-2.4638092890699275,1.0
31.33851662756162,52.70623795281659,-2.4637276487891415,1.0
31.133885898374864,52.541690057672106,-2.463630771420837,1.0
30.98070448438265,52.41849685551211,-2.4635630705271874,1.0
30.82765524317568,52.29536020826934,-2.4635073837543344,1.0
30.674623017628846,52.172248457517654,-2.4634218408705792,1.0
30.572920856782368,52.0904442557583,-2.4633695283143684,1.0
30.420362922042813,51.96765459286119,-2.4633138730303106,1.0
30.267821366591587,51.84488939674392,-2.4632283543078066,1.0
30.064910267497567,51.681555875547645,-2.4631316343465466,1.0
29.912985784140943,51.559263574919214,-2.4630502619712367,1.0
29.811873418626373,51.47782644129179,-2.4630237128222956,1.0
29.660064560679935,51.35557902050794,-2.4629382161473603,1.0
29.507002287923353,51.23233878950193,-2.462829836461543,1.0
29.29512026905258,51.06176030109349,-2.4626132005400674,1.0
29.133727733177462,50.93174113987149,-2.4624749509244843,1.0
29.02645703945594,50.84530381301306,-2.462408993977112,1.0
28.86556504996038,50.71555920692627,-2.462344028273136,1.0
28.651323613422672,50.542783866644285,-2.4622424027730805,1.0
28.490727825110277,50.41324655971932,-2.4621554303435413,1.0
28.33051642227469,50.284017072241085,-2.4620731820471384,1.0
28.223886077670926,50.19795983032076,-2.4620462895637893,1.0
28.0638096287686,50.06878838929889,-2.461960390940373,1.0
27.90411619991868,49.93992512083998,-2.461878610674846,1.0
27.744647187033024,49.81120792954526,-2.4618106757339415,1.0
27.532221485798996,49.63971060826565,-2.4617135558346703,1.0
27.426016593528853,49.55393073784269,-2.4616689620021406,1.0
27.26709599713356,49.42561533433861,-2.4615872537668935,1.0
27.10855218552851,49.297494268095505,-2.454698895806155,1.0
26.951906676226653,49.16899032990764,-2.421604458278921,1.0
26.748020701253196,48.99231136390458,-2.39623699147938,1.0
26.647883124507715,48.902018687489296,-2.394638057950187,1.0
26.49883041438634,48.76560876259519,-2.393608036394445,1.0
26.35055430592104,48.628701619488375,-2.3931859731629723,1.0
26.153481311654126,48.446010834421074,-2.3930023327720806,1.0
26.05512083886205,48.35470281398782,-2.3929787616589167,1.0
25.90782904836185,48.21786904428118,-2.3882998242190276,1.0
25.76204850526195,48.08112962051232,-2.3623048362718504,1.0
25.620393722678543,47.94264255456326,-2.3153165573055348,1.0
25.48515940881587,47.799522838339854,-2.2617745321694183,1.0
25.31484644268054,47.59911759647003,-2.217915394632473,1.0
25.233256670241325,47.49598913571874,-2.2135675009074047,1.0
25.113355920173834,47.33962946456981,-2.2115045099335413,1.0
24.994952949514456,47.182429816569936,-2.210684242813166,1.0
24.87753916763186,47.02507859632961,-2.200406582831011,1.0
24.762459378871114,46.86779059199742,-2.168770028399946,1.0
24.65431754563507,46.71034835942292,-2.104749283693239,1.0
24.555377389118636,46.54823305152858,-2.041510405144018,1.0
24.46505881215582,46.38037022746012,-1.9988996863339077,1.0
24.38188901897946,46.208510324722,-1.979719135669309,1.0
24.30343662780027,46.0346457402846,-1.9747210700717328,1.0
24.227296376412593,45.860009293830764,-1.973500889652436,1.0
24.1521930597792,45.68516525975993,-1.9730089959737205,1.0
24.077570663308972,45.51035174440224,-1.9728160277266367,1.0
24.003484140563863,45.33589020727058,-1.9603013301048686,1.0
23.932196627978623,45.162524921590915,-1.9202292787507977,1.0
23.86818989796166,44.98993136767345,-1.8562462998535152,1.0
23.814114905257735,44.81496879422362,-1.7944613308178041,1.0
23.769064601813252,44.63645850533886,-1.7586036066009407,1.0
23.731011066639752,44.45623254137614,-1.7397723199926338,1.0
23.69746893179774,44.27527217802809,-1.7365160552154222,1.0
23.66598786246334,44.09416805251433,-1.7354944803554668,1.0
23.635408210036974,43.91312374659744,-1.7350805876206647,1.0
23.60543096060095,43.732496934239336,-1.7230226820392667,1.0
23.577571455030583,43.5532224698143,-1.6885708920521638,1.0
23.55575701417594,43.37623463595788,-1.6290351166723505,1.0
23.543588293292537,43.20030047468522,-1.5637628922102007,1.0
23.54126185101245,43.02329799158322,-1.5155830167783588,1.0
23.547037261896318,42.84581508176623,-1.4923976826166028,1.0
23.557967066192518,42.66866817991714,-1.488731958758673,1.0
23.57118136943174,42.49189316781018,-1.487584377734783,1.0
23.585359720802103,42.31539902490438,-1.4871217887498358,1.0
23.59992213531664,42.13913709009774,-1.4869478476370797,1.0
23.614629077039083,41.96308791178018,-1.4868977168072577,1.0
23.624457341363385,41.845835234252775,-1.4868829620367117,1.0
23.64416678330717,41.61190814071401,-1.4775574417946828,1.0
23.66020287452818,41.4378005620351,-1.4496344294441872,1.0
23.68031877739053,41.266869782564164,-1.3969931255804504,1.0
23.70838934290012,41.100614149213385,-1.3279799327818764,1.0
23.73272596957993,40.991350747624566,-1.285110842746577,1.0
23.777023781780468,40.82856467806061,-1.2386986391537158,1.0
23.846958383169046,40.61398482291134,-1.2148214245119908,1.0
23.903835265831052,40.4547349356508,-1.2122109108117691,1.0
23.962220836373053,40.296246415607946,-1.2113880144857525,1.0
24.021193836948036,40.13829012345827,-1.207759908135897,1.0
24.08061543241003,39.98147183162081,-1.1869732682135474,1.0
24.142218590562553,39.82752115317058,-1.1449112842783074,1.0
24.208488017890616,39.67948316596799,-1.0820486428566318,1.0
24.282477402663154,39.53773237033508,-1.0158919063225544,1.0
24.364748080481974,39.400057884978835,-0.9643941056131695,1.0
24.45383963398459,39.26586945490865,-0.93177653646751,1.0
24.51596677921881,39.17810744620708,-0.9194338532625269,1.0
24.6441546546899,39.005603418293965,-0.9140764199190495,1.0
24.74174878474607,38.877590932610424,-0.9133315148879165,1.0
24.839734298334385,38.750106724945134,-0.9130352452453581,1.0
24.93781184441264,38.622920435908284,-0.9129352952715032,1.0
25.003184123346294,38.53824584088499,-0.9129231346763634,1.0
25.135636905434527,38.36668713257647,-0.9128795170034071,1.0
25.242174411299402,38.228515234360096,-0.9126757866005832,1.0
25.356836270751568,38.07979783097602,-0.9124025416120745,1.0
25.475514306895437,37.9259848579466,-0.912201656315334,1.0
25.59512433578846,37.77112468536814,-0.9120625439880861,1.0
25.674636250269433,37.6682083732688,-0.9119946465893721,1.0
25.83375012408229,37.462397624857225,-0.9118853419654445,1.0
25.952955527130193,37.308284978128704,-0.9118265154865327,1.0
26.072139880749187,37.154189996071416,-0.9117396752464382,1.0
26.19103299354504,37.00047317770073,-0.9116577671451254,1.0
26.309793177508592,36.84697215875472,-0.911589945875585,1.0
26.389059720491172,36.744566244675525,-0.9115454739852787,1.0
26.5471866012538,36.54024641110751,-0.911448749743954,1.0
26.665580294699012,36.38726735883591,-0.9113674147887936,1.0
26.78401861503525,36.234270412894645,-0.9112939995006232,1.0
26.90543939448975,36.07745238029818,-0.91118976686773,1.0
26.990280374538134,35.96780163164728,-0.9110316312405989,1.0
27.124919021974296,35.793816487669254,-0.9107431686872833,1.0
27.31059062479344,35.554150253439055,-0.9105085375731706,1.0
27.450026760331856,35.3743082523189,-0.9103935692751313,1.0
27.589319468596177,35.19474610341193,-0.910313071973156,1.0
27.68226761501198,35.07498880548262,-0.91026419217069,1.0
27.821332592756097,34.895770337507344,-0.9101786396388551,1.0
27.960241367485906,34.71680488936877,-0.9101089279052862,1.0
28.09907470298183,34.53800559019182,-0.9100517931314904,1.0
28.28394247120897,34.29991703642925,-0.9099535341104595,1.0
28.422531087735056,34.1214596478358,-0.9098671070960679,1.0
28.514646054721798,34.00283044915613,-0.909814077316549,1.0
28.652668864647083,33.82503052755631,-0.9189769077735275,1.0
28.787764717719373,33.64742493195915,-0.963637250516767,1.0
28.91728831930885,33.46593788727185,-0.9960750185344632,1.0
29.04124949333861,33.2808126718121,-1.0099599103142198,1.0
29.201239114611077,33.03092651055337,-1.012640717698206,1.0
29.319511209845277,32.84281478047588,-1.01326486109803,1.0
29.39801644066014,32.71722001993671,-1.01339544830042,1.0
29.515332288853482,32.52912623621792,-1.0134854970425713,1.0
29.632459991843007,32.34111712789535,-1.013484836455187,1.0
29.749504850697598,32.15312869704565,-1.0134205140861356,1.0
29.905220892582275,31.90302520689572,-1.0133333851085429,1.0
30.021807066787904,31.715759644894444,-1.0132539666591405,1.0
30.099450737040584,31.591112361531383,-1.0132277417169018,1.0
30.2159768632382,31.4040140668239,-1.013142192782392,1.0
30.332233698584208,31.2173503533945,-1.0130602018273902,1.0
30.48709128413878,30.968754779771906,-1.015015929641059,1.0
30.60232754678085,30.782833915892414,-1.0348363507277853,1.0
30.677541449394067,30.658420528203866,-1.0599867971811106,1.0
30.78397981858162,30.471118308778145,-1.1186202524052997,1.0
30.881958776256106,30.27891319055971,-1.1587465272344202,1.0
31.0014362449576,30.01721933041293,-1.174480811743547,1.0
31.086458383632838,29.819333128485024,-1.1763351118567704,1.0
31.14220016010194,29.687038363703603,-1.1768615075295505,1.0
31.224996767481997,29.488800995322254,-1.1792829133250573,1.0
31.306741804892805,29.290873426660237,-1.199144956454106,1.0
31.384335112546577,29.09322199483315,-1.2473601114912485,1.0
31.452394363797847,28.895684524835104,-1.318424422273978,1.0
31.507249273975027,28.696154727953534,-1.3915985066320724,1.0
31.549499482747514,28.492971742233884,-1.4435532540124598,1.0
31.58139531255173,28.287544922065393,-1.4646400247410423,1.0
31.61463960711075,28.013193571424626,-1.4689884106550386,1.0
31.629491907332223,27.876171760249225,-1.4697264965300536,1.0
31.65092388531496,27.67050860933486,-1.4702425618180177,1.0
31.671835606849363,27.464836433893744,-1.4703781578685604,1.0
31.69249522535576,27.259634861369477,-1.4704107324342188,1.0
31.71299739943939,27.05477961912974,-1.4765888757648942,1.0
31.73223935410833,26.850631474899274,-1.5028801696324579,1.0
31.747132675563922,26.647117388867525,-1.54342748033524,1.0
31.757797940314195,26.37531152671844,-1.558527209764955,1.0
31.76072550600683,26.239689143887404,-1.559668445263519,1.0
31.763869965958385,26.036197100741646,-1.5604532368564286,1.0
31.7662628138282,25.832737102577767,-1.5606978620522853,1.0
31.76834225452642,25.62976329262835,-1.5607690460782557,1.0
31.770315027904736,25.42705215774337,-1.5607544552662798,1.0
31.771926722201925,25.225003331688768,-1.57860276465106,1.0
31.77059612836224,25.02465546880733,-1.6233493478738472,1.0
31.761712931627564,24.827241227278638,-1.6863572646011793,1.0
31.74269110846966,24.63040626411712,-1.7360144145794638,1.0
31.71465652527999,24.434276143253868,-1.7608899851129367,1.0
31.6684374605963,24.17458194555044,-1.7686486493666742,1.0
31.643454973508405,24.045150013543285,-1.7694603652808192,1.0
31.60500012518579,23.85219646006532,-1.787043558508914,1.0
31.563769914681032,23.661049854746285,-1.824841526181891,1.0
31.51660432248142,23.474046004066526,-1.885882515657655,1.0
31.438105418620907,23.236943157252057,-1.9960088849152893,1.0
31.39037039090281,23.1236474674397,-2.0504631482729234,1.0
31.308336065051872,22.957134019691892,-2.1109565252431337,1.0
31.21659882841568,22.794804663344284,-2.147232595982827,1.0
31.118574210536323,22.636558458101046,-2.160472561516952,1.0
31.017156511772292,22.48084195342085,-2.1629455736500844,1.0
30.914300957350566,22.326245901047972,-2.163785263402676,1.0
30.776392655954314,22.12103823496345,-2.1658719329186904,1.0
30.70728523180792,22.01883214072032,-2.176354786264839,1.0
30.60301384752561,21.86819372144776,-2.214806017951627,1.0
30.495491920567112,21.723666057561942,-2.2766629112770675,1.0
30.38168755077524,21.587972968781,-2.350621707559884,1.0
30.259402177312758,21.45974138996576,-2.4075428822445497,1.0
30.130174582225536,21.337672576506428,-2.4431488950599545,1.0
29.996253605914077,21.22055430028317,-2.4587395652832207,1.0
29.859711340329795,21.106647008352738,-2.4610941633725036,1.0
29.722423391485492,20.994393478163207,-2.4618816307968068,1.0
29.584859617341976,20.882848955548788,-2.4621617412777983,1.0
29.447215526749233,20.771585752510322,-2.4622495094904093,1.0
29.355383926002023,20.69748047047206,-2.4622355047140716,1.0
29.17208054596041,20.549607840496314,-2.4621789069786355,1.0
29.034854776221295,20.438921788020362,-2.4621191881229234,1.0
28.897735758305657,20.328283020165117,-2.462067147508795,1.0
28.7590619940753,20.21642204972073,-2.4619451829093433,1.0
28.613105860497427,20.098731100739304,-2.4617426157726077,1.0
28.509970652743032,20.015591422350088,-2.4615625326025916,1.0
28.299695549176466,19.84589123118725,-2.461331174726329,1.0
28.142141281830906,19.718623474176432,-2.4612363955849523,1.0
27.98474761684819,19.591401297965096,-2.461169498179004,1.0
27.827383206886555,19.464199977957236,-2.461079175401358,1.0
27.7227973936737,19.379670640822958,-2.461025261492102,1.0
27.56592051526637,19.252795626366286,-2.4609683928877963,1.0
27.357180856751782,19.08506577349183,-2.489286217420945,1.0
27.199816064772627,18.964248357287897,-2.5415353884639402,1.0
27.039181127068897,18.852097860550543,-2.6064968481939093,1.0
26.872398153735052,18.74847990007101,-2.6541964631607686,1.0
26.70080311568914,18.652572799960357,-2.6843431538427067,1.0
26.584554766979878,18.59208386557817,-2.6887359028801185,1.0
26.350539754698975,18.475419564137272,-2.691157290994772,1.0
26.174599199732537,18.389652307866132,-2.69170871173066,1.0
25.998556542487236,18.304413570892113,-2.691903073358455,1.0
25.82243606232248,18.21940117014175,-2.691933238173048,1.0
25.64670235498146,18.13468853228888,-2.691888755876429,1.0
25.529723790254465,18.078283487024713,-2.691870948602196,1.0
25.35410350904765,17.993656294692883,-2.693688029337754,1.0
25.178982267932092,17.909789474829562,-2.7098793333774305,1.0
25.004600969211598,17.82931169099734,-2.75365662872678,1.0
24.77047099680722,17.733910582958,-2.8354888521660038,1.0
24.59078563141948,17.673128992300434,-2.8809066470273272,1.0
24.40821434862835,17.62018610796026,-2.9073074743281158,1.0
24.224608389447503,17.57299040295182,-2.9126434782793207,1.0
24.10200756130949,17.543188072277065,-2.913698613577289,1.0
23.9176650665731,17.499634526270714,-2.914382579065313,1.0
23.672229599923202,17.442620294737573,-2.9146440016141155,1.0
23.488407849764744,17.40019072317702,-2.91467499529998,1.0
23.304809718688066,17.3578807367804,-2.9146460642007237,1.0
23.12133701673039,17.31559658436237,-2.9146058080333264,1.0
22.999012644376066,17.287438718633613,-2.9145408041742744,1.0
22.816281011585442,17.245537827851305,-2.9286782585012467,1.0
22.573787276007156,17.193870092113308,-2.979821313503639,1.0
22.392141073187233,17.16246400070319,-3.0311992511085437,1.0
22.269957055030236,17.14582985901744,-3.054597563474807,1.0
22.086286140211758,17.126240738537923,-3.0682955328973742,1.0
21.90241676016991,17.110583014519293,-3.070454824998014,1.0
21.718441103986628,17.09662842008452,-3.0711940406973994,1.0
21.473642397211236,17.079075200891733,-3.0714751220278766,1.0
21.29033796126221,17.066217324947495,-3.0715067129287443,1.0
21.168314533886132,17.05768448549125,-3.0715044861374543,1.0
20.985098186416117,17.044921115714885,-3.0714373803793045,1.0
20.802342390901448,17.032207502948467,-3.071363841807474,1.0
20.55957242769255,17.016026500190073,-3.096490199074868,1.0
20.379767426521713,17.00759415103357,3.139788619122985,1.0
20.26140003822374,17.006041865533216,3.0963008184549894,1.0
20.085025394063308,17.01198412750533,3.0336455424439293,1.0
19.90830214663057,17.027228183756762,2.996764638528512,1.0
19.732125031830023,17.049213831152965,2.9837812320150507,1.0
19.556541108013263,17.07505433821737,2.98172858766072,1.0
19.323359490914118,17.111739550485673,2.980888691656616,1.0
19.207138661418227,17.130458361501983,2.9807554933896645,1.0
19.032756247883317,17.15869583041921,2.980673458499743,1.0
18.858398056858064,17.187056253817815,2.9806860288636763,1.0
18.684496117174366,17.215393771380324,2.9807407889697948,1.0
18.50825549832302,17.24412237496229,2.9808375406470664,1.0
18.259301531167445,17.28475775893029,2.981103162957635,1.0
18.12953094296192,17.305935725577868,2.9812290652273283,1.0
17.93405262150782,17.337710632639865,2.981329450696834,1.0
17.738483142080185,17.369468280499888,2.9814323225162576,1.0
17.54339370072161,17.401132092384806,2.9815208786660703,1.0
17.283559979653997,17.44328495912033,2.9776231622981726,1.0
17.15438949509951,17.464590203777608,2.9625175462973425,1.0
16.962248339735144,17.499061300270572,2.919407085106299,1.0
16.775008551650487,17.540147849515662,2.853069776890272,1.0
16.59084975117244,17.59151803784913,2.7935456454732837,1.0
16.409097030183496,17.65266767675114,2.7551215460181013,1.0
16.22978799309537,17.721140672753844,2.7418889868401655,1.0
16.052595101849846,17.79346664684881,2.739607382731402,1.0
15.876353903149345,17.8673856680399,2.7387754324682523,1.0
15.700530102492444,17.941947046357726,2.7384671402829732,1.0
15.52485799763713,18.01680642973822,2.738382675079114,1.0
15.349675024072953,18.091607687281126,2.7383908851952916,1.0
15.174730825017784,18.166338919073755,2.738437031848234,1.0
14.999900246086439,18.24100423279721,2.7384830059038396,1.0
14.825095998147097,18.315678149585793,2.738564379001629,1.0
14.65072672983806,18.39017092345507,2.7386439028291956,1.0
14.476573926441382,18.464544554343163,2.738710750332384,1.0
14.302525227729415,18.538832867700943,2.738765938266992,1.0
14.128498444950669,18.613122226351674,2.738851166583374,1.0
13.954904256932709,18.687227783155905,2.738932270120243,1.0
13.781524971837722,18.761213427553393,2.738999700641405,1.0
13.608248595459196,18.8351137400992,2.739055119815415,1.0
13.43499306756284,18.909015371527385,2.7391404368450587,1.0
13.26216914799696,18.982733730503657,2.7392215562288666,1.0
13.089559162679622,19.056332697493566,2.7392889837764938,1.0
12.917051127571671,19.12984682331165,2.7393443817224554,1.0
12.744562969415824,19.203362759239543,2.739429678933947,1.0
12.572505479616582,19.276696033526793,2.739510764441866,1.0
12.400660959274324,19.34991048255573,2.739578168092905,1.0
12.228917440543324,19.42304060723994,2.739633544633687,1.0
12.057192824578044,19.496173022004662,2.739718813160642,1.0
11.88589794162731,19.56912340807826,2.739799875308449,1.0
11.714815062857767,19.64195550644516,2.7398672462320164,1.0
11.543832249862369,19.714703798313337,2.73992259326729,1.0
11.429849925351773,19.76322653311894,2.7399925503862743,1.0
11.202331333977439,19.860024523727724,2.740088874178955,1.0
11.032006327971146,19.932476440692543,2.740156226265601,1.0
10.86101422867436,20.005176421794115,2.7402250019717247,1.0
10.684122143841591,20.080447595890526,2.740395336541258,1.0
10.495789134460017,20.160599211870643,2.7406442593411624,1.0
10.300142361016698,20.24380504166551,2.740846877061191,1.0
10.10315979586364,20.327462538498096,2.740987808473475,1.0
9.906617599211556,20.410900584614424,2.73912307710632,1.0
9.710859606305553,20.494437855559585,2.721713896777148,1.0
9.517245876377496,20.58029850450653,2.6875509257161334,1.0
9.325529725943156,20.670975051799736,2.674094567420653,1.0
9.199055812060411,20.733146098530856,2.6725428730064227,1.0
8.947104838344748,20.859486243088817,2.6714117372883384,1.0
8.758800119907324,20.954874547341905,2.6711522529904257,1.0
8.570668722037883,21.050497376400834,2.671074823925366,1.0
8.383039713127118,21.146007086029908,2.671085620955368,1.0
8.195767635716601,21.24140571018026,2.667165497568115,1.0
8.009837227713838,21.33705798929517,2.640555685443295,1.0
7.8281446139560735,21.43587099329727,2.5860337763872687,1.0
7.6504275055821,21.54196149594704,2.5509503800628677,1.0
7.47658769234727,21.65406965047615,2.536477632881917,1.0
7.305298341300579,21.769659151609712,2.53408253172758,1.0
7.135136705585397,21.886790897555635,2.5332399364733234,1.0
6.965850670328905,22.00431265557738,2.5329521176904626,1.0
6.796986760939693,22.121941002776175,2.5310533715771584,1.0
6.629328880816933,22.23959224842326,2.5057488787764424,1.0
6.519647272465246,22.319102768678434,2.4732115669262216,1.0
6.3095446972032345,22.485346122516667,2.3896339912197315,1.0
6.159634398106203,22.619445848613086,2.347257206536409,1.0
6.015428112737893,22.75984597244878,2.329788600698422,1.0
5.874991166309578,22.903808224670016,2.3268728676547474,1.0
5.7365322137887915,23.048958741712077,2.3258421002752163,1.0
5.6447607585584425,23.145961499625297,2.3255279248924747,1.0
5.461718018291467,23.340324138841662,2.3253531589345453,1.0
5.324644149766496,23.4861747270189,2.3253539556501903,1.0
5.187952702211584,23.631719831095026,2.3254067145750987,1.0
5.051437943132824,23.777075440741907,2.3254637447664934,1.0
4.960335664624385,23.87404345154831,2.325504820448474,1.0
4.778593046974851,24.06752565990075,2.3255986917074343,1.0
4.642518350948219,24.212392342506313,2.3256793977407995,1.0
4.506601244237864,24.357053285698615,2.325746826189415,1.0
4.371166384057225,24.501450514927452,2.310851748877388,1.0
4.282043725617175,24.598102445767303,2.2894337109103753,1.0
4.1511090428021165,24.745158744099996,2.2672960624843777,1.0
3.9809901541535635,24.944813747523348,2.2638090373585245,1.0
3.8549579217950987,25.095489416457227,2.2631799894704483,1.0
3.7294162830029274,25.246531992291015,2.2630033208020106,1.0
3.6043754557385856,25.39736638878314,2.262962722002818,1.0
3.5211611641528577,25.4977960490223,2.262963417832048,1.0
3.3548305337409077,25.69864097198917,2.2630370908411215,1.0
3.230134671562802,25.849216543407703,2.2631166750902807,1.0
3.1057481946640992,25.999427418383252,2.2631955805088007,1.0
3.0229183426945805,26.099399519063777,2.263221443173662,1.0
2.898580602235184,26.24949726643426,2.2633063923264887,1.0
2.733156567243031,26.449156945370436,2.2634028243568087,1.0
2.609481006955724,26.598658324255762,2.255081273982479,1.0
2.4879084235230913,26.74794853042512,2.221255041217409,1.0
2.4094929063357586,26.84847918395903,2.187015109129562,1.0
2.3001217093475,27.000770717051502,2.11631383660472,1.0
2.17325344850193,27.210978420709633,2.013983836317237,1.0
2.090247038500903,27.376076858588213,1.9613480533676184,1.0
2.0153912361143083,27.545741281701837,1.9366213074231753,1.0
1.9460950786278488,27.717723929617602,1.928933382117945,1.0
1.9017594004979748,27.832636132285582,1.927793683483617,1.0
1.836370909893414,28.00548917125936,1.9270273646865763,1.0
1.7716694720989932,28.178580909064685,1.9268022908957156,1.0
1.6859772561539814,28.40897360957904,1.9267389484076345,1.0
1.6219280970389185,28.58151303354558,1.9267811993950654,1.0
1.5792780605368177,28.69636358097028,1.926796883027305,1.0
1.5152703517851345,28.868817150297385,1.926873711154843,1.0
1.4298265343668641,29.099005201073915,1.9269820389659469,1.0
1.3634732527983229,29.277851472371353,1.9271342375055112,1.0
1.2939554492682328,29.46523958404806,1.9273247646225518,1.0
1.2469795118265403,29.591808488805228,1.9274273570597173,1.0
1.1763816782230592,29.781702017189733,1.9275142609031077,1.0
1.1057732875502615,29.971564920580754,1.9276126597993906,1.0
1.0353244233312646,30.160964196477945,1.9276995172704858,1.0
0.9414381324247074,30.413228818053106,1.9277989108160642,1.0
0.8711385324285682,30.602073845995932,1.927867343547417,1.0
0.8242059303884117,30.728061850511963,1.927912075740423,1.0
0.7540191967988593,30.91656786435251,1.9279938182859593,1.0
0.6838982054118504,31.10481982097913,1.9280616791356566,1.0
0.6137907991460771,31.29292319597178,1.9281175184402066,1.0
0.5210696719874366,31.543050756788812,1.9076793266879846,1.0
0.45494042026664816,31.730274996076766,1.8665901523093362,1.0
0.4141925709109131,31.8557357602588,1.8414628148497414,1.0
0.3580392364320011,32.04582723219226,1.8248243508477588,1.0
0.30601685650662974,32.23698127142602,1.8223346169568808,1.0
0.2559260446970129,32.428130049307484,1.8214857606791912,1.0
0.19029723931684464,32.68302230399764,1.8211370266724818,1.0
0.14147088084746234,32.8739157769123,1.8210956992673244,1.0
0.09274622707646397,33.06469159409282,1.8210878670816795,1.0
0.06031350794853779,33.19188411210993,1.8211433620162356,1.0
0.011759687402022623,33.382224908789816,1.8212015983385301,1.0
-0.05293811811577633,33.63579876832269,1.8212936916513456,1.0
-0.10142624513662124,33.82570381085451,1.8213481596382797,1.0
-0.13372696620867738,33.95230996114624,1.821417945480659,1.0
-0.18209833063165004,34.14176832254102,1.821485333649918,1.0
-0.2304729877626338,34.33108432972586,1.8215408700527633,1.0
-0.29488423446467116,34.583186328851404,1.8216375305646815,1.0
-0.3431876642219827,34.77218430879352,1.8217230201554735,1.0
-0.3752764434766004,34.89778132640347,1.821775299685652,1.0
-0.423461906532275,35.0862045026051,1.820099799052226,1.0
-0.4864814031926868,35.33669846654789,1.793664340817701,1.0
-0.5298724712113645,35.524307639222386,1.7553084870368985,1.0
-0.5556060769287372,35.64980838814533,1.7371764996217294,1.0
-0.5901124632535307,35.83898878670148,1.7277434487034384,1.0
-0.6217047570015665,36.02860203828237,1.7262760686029346,1.0
-0.6519662637034113,36.21794163412949,1.725744603679711,1.0
-0.6915589031387316,36.47026148332329,1.7255294611275003,1.0
-0.7111872730752359,36.596161919806484,1.7235509353439586,1.0
-0.7399607595620458,36.784639634611054,1.7013790128964816,1.0
-0.76509633625341,36.97176294914468,1.6583483444401868,1.0
-0.7863801952132283,37.21879516077012,1.5745467390079149,1.0
-0.7902287100191491,37.342326005797084,1.5369407445845302,1.0
-0.7880112821147542,37.52843394746451,1.4995334653042793,1.0
-0.7785139194738256,37.71410845381158,1.4867291381154584,1.0
-0.7650781432909097,37.89924138777932,1.4845814833512083,1.0
-0.7447291040713175,38.14567213659428,1.4837086669244428,1.0
-0.7341402664476496,38.26888053005564,1.4835800195144833,1.0
-0.7180487385537054,38.45316976852934,1.4835206256295916,1.0
-0.7018832483733862,38.637211514368516,1.483536831518351,1.0
-0.685718511682646,38.82112940559472,1.4835715262144957,1.0
-0.6641573560244676,39.066041499718274,1.4836577273686846,1.0
-0.6533655488818517,39.18846920219381,1.4837256109410846,1.0
-0.6372482632116913,39.371671694872,1.4837915931005354,1.0
-0.6211780210614258,39.55475551734007,1.4838463192181564,1.0
-0.6050986717681613,39.73782561796417,1.4839312796344948,1.0
-0.5890585000526799,39.920434392339956,1.484012143299887,1.0
-0.56773306134169,40.163687187272245,1.484108328595282,1.0
-0.5571185757974688,40.285065351956156,1.4841346453018958,1.0
-0.5411639083683575,40.467309433692144,1.484219810158877,1.0
-0.5252483368207232,40.64909325891201,1.4843007373348125,1.0
-0.5093787716788402,40.83064362842896,1.484368011972944,1.0
-0.4882605891549476,41.072524440936434,1.4844641991235583,1.0
-0.47772666308635986,41.19349977038544,1.4845083894627438,1.0
-0.4619349627230862,41.374462826580746,1.4845892931357916,1.0
-0.4460541158922038,41.55497362047263,1.4745670635278,1.0
-0.4288666487140194,41.73472008713027,1.4520541134039906,1.0
-0.40884870277900986,41.91432438133138,1.44613271865593,1.0
-0.3872539985567197,42.09326324024103,1.4453037174256094,1.0
-0.3650016922536507,42.27188155984021,1.4450289994769099,1.0
-0.3425015567954648,42.45034984153102,1.4449425469879216,1.0
-0.3198678005164855,42.62879288384453,1.4449555863507204,1.0
-0.29723607034717914,42.80677436891535,1.4450146899980945,1.0
-0.27464147211769907,42.984526055670166,1.4450746449325214,1.0
-0.2520918866071944,43.16216613787261,1.4451268272953017,1.0
-0.22953039161075459,43.339797662106164,1.4452106756934215,1.0
-0.20680416113199165,43.516375003818496,1.4269769569318154,1.0
-0.1819215592283401,43.691952173922054,1.3977876826289295,1.0
-0.15326509591697707,43.867032261964084,1.3830282928858972,1.0
-0.11089460565131937,44.099389353876305,1.3809492924659488,1.0
-0.08894213644577381,44.2153972481758,1.380658962354183,1.0
-0.055728248389818276,44.388909321540304,1.3804679469447199,1.0
-0.02236022872567399,44.56227615578265,1.3803893243928602,1.0
0.011518889055745678,44.73761950589736,1.3804486839824597,1.0
0.04711976142199274,44.9214854573861,1.3806162710082692,1.0
0.08510172552668976,45.11754729829638,1.380865648130119,1.0
0.12406691720386949,45.31903989366456,1.381043737029942,1.0
0.16300360063829025,45.520891821490274,1.3811514659644997,1.0
0.20184795512791961,45.722631225491135,1.3812204877578234,1.0
0.24068034673465433,45.92433027833782,1.3813117059238293,1.0
0.2794144278395166,46.12554843192083,1.381395717630433,1.0
0.30516279232815663,46.259507087449585,1.381423095532248,1.0
0.3566568760468873,46.52733463587339,1.3815208014664342,1.0
0.3952444919266897,46.728118545501886,1.3816067156853042,1.0
0.43373899878650507,46.928421413048554,1.3816884738416713,1.0
0.47215685125573237,47.128469415353074,1.3817563810817353,1.0
0.5105082442846359,47.32837985787237,1.3818122947898408,1.0
0.5488604881987653,47.52825147757481,1.3818980323704004,1.0
0.5743587981461163,47.661081363040886,1.3819505139867978,1.0
0.6125540237837166,47.86038541232758,1.382006394861673,1.0
0.6634211024988279,48.12578288588325,1.382103422456148,1.0
0.7015396781079385,48.32474686751149,1.382189129694256,1.0
0.7395661730720947,48.52323212034391,1.3822707545125152,1.0
0.777516824833786,48.72146484467986,1.382338584007049,1.0
0.802808347402555,48.853732111235374,1.382383128091844,1.0
0.8406801765181631,49.051615626986205,1.3824647318586192,1.0
0.8785104077876257,49.249146096005425,1.3764052628144536,1.0
0.9306000472773155,49.51156361479659,1.3560489739731154,1.0
0.9721411735699711,49.70752627766667,1.3545125861424174,1.0
1.0146534764389157,49.903239336936124,1.354094432188149,1.0
1.043179489494751,50.03324141165461,1.3539822771285763,1.0
1.0861024808611672,50.22826818969324,1.3539101074014086,1.0
1.1291314828512478,50.42323753942053,1.3539403230390172,1.0
1.1864104810887413,50.68260100575777,1.3540153673193207,1.0
1.2293129025594882,50.87679024199334,1.354090975470296,1.0
1.2578407069938762,51.00606850711052,1.3541159475820832,1.0
1.3006855714902503,51.20014093388515,1.3542002385282594,1.0
1.3434275621750627,51.393742007050676,1.3542811792754177,1.0
1.3860885380665386,51.5870975618378,1.3543486904231157,1.0
1.442896496659205,51.84469547336863,1.3544454147480338,1.0
1.4854058671061208,52.03763064981497,1.354501104216709,1.0
1.5279171797331321,52.23053437743173,1.3545866592178846,1.0
1.5561780332396449,52.35872537554484,1.3546389929633607,1.0
1.598520479395812,52.551078669845175,1.354694683983889,1.0
1.6418627532321286,52.74771763567459,1.3548393887495955,1.0
1.6878800065485038,52.95638748872914,1.3550833879705355,1.0
1.7535607598096532,53.254451714825265,1.3554713785052308,1.0
1.8038614948348888,53.48358535052452,1.3556054048418866,1.0
1.8374020053686553,53.63644474509206,1.3556992694269252,1.0
1.8875461188772682,53.86526362708699,1.355783507649143,1.0
1.937593142759682,54.09390706654937,1.3558470234081432,1.0
1.987622835670071,54.32247500296965,1.3559364724071945,1.0
2.0375338438112136,54.550526797675474,1.3560204668511586,1.0
2.0873498894369713,54.77828763814712,1.3560896843214034,1.0
2.1536778017595113,55.081690429345464,1.3561882262717586,1.0
2.1868092002203907,55.23338754232373,1.3562333809846956,1.0
2.236417853242318,55.460384298322964,1.356316144906553,1.0
2.285933117625,55.68709128765522,1.3563848716294924,1.0
2.335368328121689,55.91362654291437,1.3564416876305176,1.0
2.384793268983492,56.1400873984564,1.3565282169762976,1.0
2.4341032812569905,56.36603431611634,1.35661090448799,1.0
2.483320426640393,56.59169288415534,1.3566795848191133,1.0
2.5324579763147086,56.817181100420555,1.3567363572475688,1.0
2.5815856844651712,57.04259630024211,1.3568228571893604,1.0
2.6305990154407355,57.267498964842304,1.3569055030108708,1.0
2.679519962739007,57.492114677804494,1.3569741485764784,1.0
2.728361763177436,57.71656140826138,1.3570308869401035,1.0
2.777194125620108,57.94093650383501,1.3571173499517137,1.0
2.8259126703779747,58.16480043546756,1.3571999602169056,1.0
2.87453930000654,58.388378798483345,1.3572685715886381,1.0
2.9069457120560145,58.53752489063645,1.3573136057446051,1.0
2.971626116409926,58.835129967459835,1.3574117114966304,1.0
3.0200517243301324,59.057960609771115,1.3574942787115982,1.0
3.0681035854792946,59.280542509126825,1.3677839198054007,1.0
3.1136739874470707,59.50176038783486,1.4067066946852946,1.0
3.1528145022869483,59.7236264326333,1.449358406946503,1.0
3.184319302562605,59.94684751537723,1.466212871566306,1.0
3.2107170054479037,60.170456882173475,1.469090490300162,1.0
3.2269486516032835,60.319531320878106,1.4699367522490707,1.0
3.2579269503573585,60.61747864195787,1.4706779054798655,1.0
3.280580638615341,60.84069126181967,1.4708666354103432,1.0
3.303032864756436,61.063661123751636,1.4709274797485126,1.0
3.325392682362668,61.28637745096674,1.4709415864783675,1.0
3.3477202669405246,61.50883442857649,1.4709598511013386,1.0
3.3625905914194107,61.65699484517304,1.47097126563492,1.0
3.384782691883034,61.87875944560554,1.4772078998048919,1.0
3.410982410799176,62.17152453875899,1.5344882066626329,1.0
3.4217272828037095,62.39033707400484,1.5868762343429008,1.0
3.4229748929930044,62.609829175668985,1.613728257242528,1.0
3.417436503468512,62.829075199447786,1.6218554026720013,1.0
3.4082924118764417,63.047917272939706,1.6236881633124707,1.0
3.397595336094648,63.266425660873594,1.6244398203372736,1.0
3.3862443846153742,63.4846455814186,1.6247552357834123,1.0
3.3785160268610053,63.629975755047454,1.6248470880855412,1.0
3.366818919377801,63.84775368540795,1.6249012120258697,1.0
3.3511772385803607,64.13772693500218,1.624903430867615,1.0
3.3394609198113945,64.35491184020056,1.6249031632687736,1.0
3.327757844139338,64.57184424870826,1.6249015844101617,1.0
3.3160679833587206,64.78852448648053,1.6248986858944046,1.0
3.3043489842925866,65.0048809965992,1.6294719572020342,1.0
3.296125521121309,65.14853080628026,1.6439556754860458,1.0
3.2807022261300447,65.36085174300982,1.6990307490903624,1.0
3.245154703041113,65.63927859884191,1.79014598208087,1.0
3.2043714973253667,65.84612913382216,1.8376412894826302,1.0
3.1537974712482413,66.05100550764926,1.8611826112362306,1.0
3.097019968882303,66.25402281724668,1.8655622954417006,1.0
3.0374681105401873,66.45596152516138,1.867025771945341,1.0
2.9970666360675735,66.59023400674705,1.8674864809606482,1.0
2.9360123763227586,66.79129348834397,1.8678259251554516,1.0
2.8747412400756165,66.99203311626773,1.8679559030636803,1.0
2.8134228123355376,67.1925046409387,1.8679834315364265,1.0
2.731725897896567,67.459424424287,1.8679658817103848,1.0
2.6705350367871548,67.65934394912472,1.8679508529834898,1.0
2.6094145483638256,67.8590322087703,1.867934493495306,1.0
2.5687066017595583,67.99202938482883,1.8679228434332404,1.0
2.5077031822766687,68.1913328827591,1.8679042560434147,1.0
2.4467698758912757,68.39040592750798,1.8678843275194263,1.0
2.3859065937219905,68.58924882776502,1.8678630626517583,1.0
2.325113243399075,68.78786187390816,1.8678404616629802,1.0
2.24354882796367,69.05084394466327,1.9004576340521233,1.0
2.1783919459540035,69.24406056840365,1.9536827636530216,1.0
2.1306597201513853,69.3707060637427,1.9919500314306064,1.0
2.0513294021462682,69.55810370115616,2.0324199586500287,1.0
1.9645418141765896,69.7423649340187,2.048012988267435,1.0
1.8735351078964444,69.92430938794479,2.050695847944111,1.0
1.7807782646389148,70.10508827453947,2.051720011787888,1.0
1.656119237150549,70.34520568498674,2.0522202253411868,1.0
1.5624248698883494,70.524882749658,2.0523284775239463,1.0
1.4999612958948247,70.64452099063439,2.052352175246262,1.0
1.4063279969974922,70.8237916785485,2.0523723197924095,1.0
1.3127957291058723,71.00277432699086,2.056806709796078,1.0
1.2188663796364594,71.18059593939215,2.0788319686970347,1.0
1.1227446940760195,71.35465349269661,2.1273951272814178,1.0
0.9846618194861279,71.58101434393821,2.173821513283781,1.0
0.8746578348329581,71.74673270488512,2.184561447821346,1.0
0.7996459085767339,71.85592588919695,2.186009329014836,1.0
0.6860131355194514,72.01869712663184,2.187000768438374,1.0
0.5718052044616997,72.18078396488274,2.187408309364171,1.0
0.4574357085175127,72.34247837484173,2.187563399876608,1.0
0.30497569306933126,72.55766110484049,2.187614525393023,1.0
0.1907554919797287,72.71881209961836,2.187633041237441,1.0
0.114681055876584,72.82614302023532,2.1876443460079775,1.0
0.0008017807261517973,72.9861910855643,2.2076587576571423,1.0
-0.11454311195810991,73.1430601889382,2.250036097986549,1.0
-0.23369417549103652,73.29293145871826,2.3152506548524974,1.0
-0.36010534014503615,73.43396256350952,2.3839928522402523,1.0
-0.4951611823831304,73.56770432962595,2.431872160012321,1.0
-0.6366485541327814,73.69515607630557,2.4562798761821685,1.0
-0.8307727545639005,73.85848345170251,2.463311520158384,1.0
-0.9288206561920862,73.93871659425253,2.4641167992994646,1.0
-1.076321989526572,74.05824653063706,2.4646966213675894,1.0
-1.2239728466494595,74.17724606893192,2.464924069055718,1.0
-1.3714738609523687,74.29563634773126,2.4757133166717784,1.0
-1.51884205965104,74.41161892638107,2.511204439900396,1.0
-1.6678142983217652,74.5219555559322,2.5649103772589243,1.0
-1.870757703504288,74.65359836857165,2.6612773532993095,1.0
-1.9760775302215998,74.71254004053529,2.7027257219696663,1.0
-2.1385136490565326,74.7933732974575,2.7484943865561045,1.0
-2.3048580951184388,74.86709226379139,2.7645237969337524,1.0
-2.4728228938196692,74.93650220672079,2.767689958715013,1.0
-2.6413695878838284,75.00389401259322,2.768710425369281,1.0
-2.8100453517796296,75.07039420709032,2.769123116363704,1.0
-2.978661210575383,75.13648480673993,2.7692786046429974,1.0
-3.1471386255952543,75.20236560424931,2.769312599288485,1.0
-3.315441062309878,75.26813008332164,2.7693346963640337,1.0
-3.483552920509032,75.33381886890737,2.769354779738358,1.0
-3.651474147707869,75.39943275103735,2.7693734204088263,1.0
-3.819210337658796,75.46495822199607,2.769375619914306,1.0
-3.9894001230287675,75.53147859366102,2.7694281318567775,1.0
-4.16788426423069,75.60134072653159,2.7695975749004647,1.0
-4.35067129090948,75.67284368830046,2.769735984223116,1.0
-4.533166972039915,75.74418640203689,2.7698354871477893,1.0
-4.715333863065659,75.81530248310922,2.7758810735731774,1.0
-4.896602064669069,75.88459045291042,2.811113991590517,1.0
-5.079051610132995,75.9491720670339,2.8421851757317653,1.0
-5.263285173454917,76.00897470554415,2.8517008933335823,1.0
-5.448198703399218,76.06590291356159,2.8533978974459795,1.0
-5.633269669365392,76.1215313166508,2.8540307058595653,1.0
-5.818286602099367,76.17656734760527,2.8542902451051693,1.0
-6.003156719941006,76.23132266850733,2.8543786698252385,1.0
-6.187841500458879,76.28592767891001,2.8543846335594893,1.0
-6.3722697135271975,76.34040122963681,2.858475893859922,1.0
-6.555836028575417,76.39374890440466,2.8833495012563044,1.0
-6.738373936684704,76.4427200078646,2.932247717340082,1.0
-6.919381004020551,76.48264172952695,3.002229797225384,1.0
-7.101979872704714,76.51135060600824,3.0639858062960807,1.0
-7.28673075345455,76.53020167647215,3.1020317776848736,1.0
-7.41039896101641,76.5384190620195,3.116391051545291,1.0
-7.657780345156051,76.54833674276108,3.1220067802581455,1.0
-7.843139763733626,76.55310792962217,3.1229925091616866,1.0
-8.028305671555149,76.55702074530822,3.123393913543836,1.0
-8.213268023321497,76.560579050363,3.123545495516547,1.0
-8.3980227728668,76.56399178166014,3.1235784982553167,1.0
-8.521076318227745,76.56623582579445,3.123593107170518,1.0
-8.705481658877224,76.56959758273086,3.1236132251591795,1.0
-8.889677212912732,76.57295502906346,3.1236318375549614,1.0
-9.135254090833365,76.57742339318905,3.1236506515631794,1.0
-9.323406951671858,76.58087993548621,3.1237288361073503,1.0
-9.52304841637844,76.58463884114069,3.123943379031516,1.0
-9.732199057070263,76.58856405077418,3.12416416650536,1.0
-9.944156661972071,76.5924465859995,3.1243173704776876,1.0
-10.08507759317848,76.59500518322356,3.1243879327795865,1.0
-10.296491530406213,76.59875989000214,3.124456016652038,1.0
-10.578012551492886,76.60374780132139,3.124559300930395,1.0
-10.789052473710877,76.60746621533322,3.1246467964952154,1.0
-10.999593743320279,76.61117335975271,3.1247293796801556,1.0
-11.209862027597879,76.61484746576193,3.1247977006627004,1.0
-11.419974859801336,76.61847878992859,3.1248539196714558,1.0
-11.630041123478897,76.62211682663768,3.124939875687116,1.0
-11.76965669280292,76.6245445955457,3.1249925210616665,1.0
-11.979122397569519,76.6281240802022,3.1250486199708165,1.0
-12.188542376705543,76.63171045873897,3.12513452349955,1.0
-12.397465860441628,76.6352874245851,3.125216396912764,1.0
-12.675749506491636,76.64000720429836,3.1253136784893036,1.0
-12.8840806603694,76.64352647089538,3.1253816943143553,1.0
-13.092258856044005,76.64700348449256,3.1254377426838467,1.0
-13.231031983304094,76.64934464866897,3.1255081886334914,1.0
-13.438721919608511,76.65281304807345,3.1255761925583028,1.0
-13.646259712748524,76.6562392833216,3.125632222419044,1.0
-13.853754265053325,76.65967263877928,3.125718065355099,1.0
-14.06075484824779,76.66309706953317,3.125799866517159,1.0
-14.336478515368803,76.66761393327712,3.1258970658002996,1.0
-14.474068426000724,76.66984032291575,3.125923838599417,1.0
-14.68060775149152,76.67319817106552,3.126009655304382,1.0
-14.886654396079654,76.67654733157397,3.1260914201419387,1.0
-15.092433979895157,76.67986487179527,3.1261593645421653,1.0
-15.298063881965891,76.68314052850471,3.126215331795469,1.0
-15.503517380744176,76.68636108478557,3.132725738407243,1.0
-15.774706389692826,76.68786166209092,-3.100965616043038,1.0
-15.977555764574184,76.68214338964229,-3.067839026007853,1.0
-16.112705421063666,76.67485597528186,-3.058240280612855,1.0
-16.315029703714824,76.66049407820248,-3.0555283141619936,1.0
-16.516956353986853,76.64420310368033,-3.0545515292055643,1.0
-16.718452412143797,76.62704884105294,-3.0501898068715136,1.0
-16.918601197446513,76.60884860767307,-3.0229406273994437,1.0
-17.11570798916569,76.58622353346514,-2.968517171659743,1.0
-17.307600756565915,76.55443898436722,-2.8927161387359237,1.0
-17.55874628427915,76.49275704604712,-2.80887772401285,1.0
-17.682869868311574,76.45453384517579,-2.7847362314992394,1.0
-17.866816871916274,76.39076066560567,-2.76944796919412,1.0
-18.048896119246603,76.32258829056892,-2.7669505817773348,1.0
-18.230026391325172,76.25259633390681,-2.7659639143224264,1.0
-18.410634753608065,76.18188136543888,-2.765557818741194,1.0
-18.590906339235424,76.11091588926061,-2.7654036467926146,1.0
-18.77091869837892,76.03989684616903,-2.7653703021830687,1.0
-18.950708609189522,75.9689174167568,-2.765348272724027,1.0
-19.130292366071757,75.89801816314481,-2.7653282079065735,1.0
-19.309668590037106,75.82719484568251,-2.7653147874301616,1.0
-19.4888361346308,75.75644375348551,-2.7653122554426495,1.0
-19.667798460428372,75.68577287317555,-2.765311402099033,1.0
-19.84655596522678,75.61518244152086,-2.765311954839269,1.0
-20.02510889256574,75.54467234089022,-2.7653139246966227,1.0
-20.203457500271337,75.47424247475479,-2.765317306125778,1.0
-20.381602066805275,75.40389274096546,-2.765322097764413,1.0
-20.559542859269797,75.3336230292754,-2.7653283062122025,1.0
-20.73728012662176,75.26343324452252,-2.765335924778323,1.0
-20.914777022138587,75.19331712254126,-2.763460686133038,1.0
-21.09139776566077,75.12302245560623,-2.7452511546650546,1.0
-21.26547515961167,75.05082885479372,-2.7057964966652692,1.0
-21.43342484521354,74.97382554616644,-2.640494791915753,1.0
-21.54024296192677,74.91805909851355,-2.58645187509369,1.0
-21.745037147952413,74.79190775406762,-2.4955540231523097,1.0
-21.89245278967685,74.68627608498161,-2.4528119576215657,1.0
-22.035385891858525,74.5741076393146,-2.4347442689478913,1.0
-22.175180438422473,74.45836576073074,-2.4312151414199845,1.0
-22.31340425863238,74.3410914955774,-2.4301430776274606,1.0
-22.405105905267888,74.26256328916664,-2.4298138368748243,1.0
-22.5879396535137,74.10526412562275,-2.4295466985538434,1.0
-22.7247519606649,73.98729295921471,-2.429499735924905,1.0
-22.861378322764857,73.86942001988719,-2.4294795297150915,1.0
-22.998079862735548,73.75148381727712,-2.4294552520110275,1.0
-23.1377428406057,73.63107571037443,-2.4293669411568044,1.0
-23.234959009894272,73.5472877920953,-2.4292648382520703,1.0
-23.38419875105625,73.4186795642115,-2.4291121543175547,1.0
-23.533733224593234,73.28971829982021,-2.4289928785492236,1.0
-23.73236748284928,73.11821992557788,-2.4208516287730095,1.0
-23.879043505634822,72.98946616934633,-2.3869937774031076,1.0
-24.021011745767883,72.8579228388701,-2.3379461836212854,1.0
-24.112772518138783,72.76706737960436,-2.3122375542610545,1.0
-24.246478894081353,72.62659168973578,-2.2965583680887125,1.0
-24.376893897634623,72.48332823157334,-2.2940812295810264,1.0
-24.54852645414232,72.29076629189245,-2.292992642417649,1.0
-24.676486113790734,72.14601345946895,-2.292710676480592,1.0
-24.803750682754497,72.00138513228747,-2.2797031170448454,1.0
-24.887372502209136,71.90489308671948,-2.2584640718534357,1.0
-25.007924554240667,71.75940018291553,-2.20367808901664,1.0
-25.11871734614489,71.61100802963469,-2.1299158144503645,1.0
-25.249861900078145,71.40360804805441,-2.042241744276137,1.0
-25.337751755499177,71.24107838908702,-1.9989434453766122,1.0
-25.41848940862827,71.07449374937666,-1.9787967535625943,1.0
-25.469533840223008,70.96222677677865,-1.9759447666723053,1.0
-25.543962399442453,70.79307991032047,-1.9743959959754038,1.0
-25.61708747474775,70.62363322694041,-1.9720487156806499,1.0
-25.68904759987976,70.45444649207474,-1.95385985862966,1.0
-25.757496304402604,70.28591117954932,-1.9122656536383194,1.0
-25.8394933400573,70.05853951814555,-1.857260943178792,1.0
-25.893986594932688,69.88524749712609,-1.8398255794520237,1.0
-25.927981552935513,69.76909124765619,-1.83722038060578,1.0
-25.977115454901618,69.5945170673452,-1.8359187825829737,1.0
-26.025158706625792,69.41985736610775,-1.8354046568688582,1.0
-26.072716662368038,69.24527816808389,-1.8352042885362818,1.0
-26.120045380505385,69.07084926625025,-1.8351402519448983,1.0
-26.167255317925864,68.89660054245705,-1.8351353008509612,1.0
-26.230110664842883,68.66457435238404,-1.835108887406393,1.0
-26.26150231197127,68.54869279850807,-1.8350967321391742,1.0
-26.308484097725806,68.37512444269811,-1.8316806278106343,1.0
-26.35446036390747,68.2024864184128,-1.805825191049705,1.0
-26.396238309301523,68.03092960234272,-1.758309149445285,1.0
-26.43089174216918,67.85883434504085,-1.707888798651435,1.0
-26.46618395957915,67.62651902107153,-1.6735115782994698,1.0
-26.480391135096212,67.50988077768775,-1.6683442143721148,1.0
-26.499301025722776,67.3348311337423,-1.6665928064143207,1.0
-26.516872637036748,67.15984741614483,-1.6659442068572803,1.0
-26.533867139329086,66.98500749223676,-1.6656927410531088,1.0
-26.550616532562437,66.81034333767147,-1.66561219820965,1.0
-26.572795499465382,66.57775292493196,-1.6655853504366251,1.0
-26.583863541533614,66.46158836447526,-1.665581691150439,1.0
-26.600449540839076,66.28750567797738,-1.6655774791740434,1.0
-26.616955634215696,66.11373551283619,-1.6599949818841397,1.0
-26.632553690422824,65.94075042718362,-1.6380026436195165,1.0
-26.644557715453388,65.76982481311182,-1.5917679648770673,1.0
-26.649088971490045,65.60185392882072,-1.5266913804358382,1.0
-26.643500629062974,65.43576973854738,-1.4599565973320996,1.0
-26.628039311793756,65.26998552839802,-1.4069741731390129,1.0
-26.60454911825359,65.1042331643489,-1.383001998110376,1.0
-26.576131977434738,64.93930767820056,-1.379292255986862,1.0
-26.54556852076392,64.77496835716832,-1.3781801772265485,1.0
-26.514115866003802,64.61099353379058,-1.377737165791779,1.0
-26.482323335778993,64.44727529795017,-1.377571580496459,1.0
-26.461057687094616,64.33824959679934,-1.3775371245392787,1.0
-26.418499964375652,64.1204577922023,-1.377511321397378,1.0
-26.3864592159534,63.95651265824127,-1.3774781243396246,1.0
-26.353554540433652,63.78777016814849,-1.3773634649207172,1.0
-26.319001037658758,63.610348455808506,-1.3771872915000927,1.0
-26.295595966479144,63.49036235810875,-1.3771053954797785,1.0
-26.248717522413767,63.25049707440557,-1.3728874489841916,1.0
-26.212872094777016,63.07169356692616,-1.3484870805197946,1.0
-26.174099689167033,62.89414025403588,-1.3221558216458342,1.0
-26.131464136818455,62.71747771845734,-1.311475444466224,1.0
-26.086381553163555,62.54152196761194,-1.3099105233294426,1.0
-26.055716802006764,62.42437081593493,-1.309425196289882,1.0
-25.993797402089832,62.190742640170946,-1.3089704833643456,1.0
-25.94718828431508,62.015918063034626,-1.3088045490249411,1.0
-25.90049652259146,61.841238214334524,-1.3087146105838001,1.0
-25.853775779590364,61.66660591343475,-1.3068630038417441,1.0
-25.806891417119992,61.49309168342477,-1.287567568168067,1.0
-25.77446610275937,61.37837974333901,-1.2641108241225218,1.0
-25.704082866629864,61.15059703233888,-1.2428951659813485,1.0
-25.648034446965784,60.98094025290902,-1.2412905034023018,1.0
-25.590928255862117,60.81185620848399,-1.2407067819415725,1.0
-25.533409529270212,60.643126306837196,-1.2404803233593855,1.0
-25.47576202982515,60.474653479160736,-1.2404078619412402,1.0
-25.437320406843764,60.36246011501358,-1.24038794968597,1.0
-25.379703452384124,60.19433197969256,-1.2403686489593921,1.0
-25.302976131481365,59.97045943830451,-1.2403509988922365,1.0
-25.245496387684433,59.802780387776075,-1.2403502974671492,1.0
-25.18808097950061,59.63529144963831,-1.2403513327744435,1.0
-25.130730172068525,59.46799227305593,-1.2403538283273416,1.0
-25.092532149502567,59.35656479995351,-1.2403563050080022,1.0
-25.035288820675223,59.1895813831452,-1.2403612436164044,1.0
-24.959064506022163,58.967230987457434,-1.2403701111474583,1.0
-24.901971259379494,58.80068850440209,-1.2403784715560917,1.0
-24.84494220070059,58.63433460256829,-1.240388293297331,1.0
-24.787977237573227,58.46816904575063,-1.2403995868543953,1.0
-24.750036169795703,58.35749652561906,-1.2404079289935341,1.0
-24.693177865949348,58.191644338600014,-1.240421661956912,1.0
-24.617466159856296,57.97080005176199,-1.2404422498184349,1.0
-24.56075679775303,57.805385491935375,-1.2404593970762263,1.0
-24.50411112981978,57.64015808312948,-1.2404780080829036,1.0
-24.466382700303082,57.53011033759215,-1.240491227455265,1.0
-24.409843012137106,57.36519433343785,-1.2405122756078135,1.0
-24.33455549257716,57.14559644049856,-1.2405426156042896,1.0
-24.278163797565806,56.98111530205997,-1.2405670740796324,1.0
-24.22183539717691,56.816820150690006,-1.2405929909571245,1.0
-24.18431824915091,56.70739325752324,-1.2406110837471553,1.0
-24.128095151041798,56.543407556158435,-1.2406394382678476,1.0
-24.053229121850062,56.32504824627098,-1.240679516785126,1.0
-23.997153076377643,56.16149467710848,-1.240711276753304,1.0
-23.940667602010613,55.996634764722955,-1.24071481481036,1.0
-23.901786001025926,55.88287970454082,-1.2406325781442125,1.0
-23.821647915732793,55.64832674273884,-1.2404539594582216,1.0
-23.760944191343302,55.470823216702804,-1.2403377670514495,1.0
-23.700363820365272,55.29375825170815,-1.2402452293228095,1.0
-23.65999705922901,55.17590271867318,-1.2402157254608563,1.0
-23.599402663952365,54.99894989977088,-1.2401280058492319,1.0
-23.51877180021755,54.763566130125675,-1.2400304762594865,1.0
-23.458401520827916,54.58733012441801,-1.2399491110404348,1.0
-23.418180233711453,54.470024737759424,-1.2399226438566744,1.0
-23.357807458949583,54.29389489232978,-1.2398373163488563,1.0
-23.27747478750004,54.05960577651721,-1.2397409488031181,1.0
-23.21732872275096,53.88418921105452,-1.2396599045463148,1.0
-23.17725694184989,53.76742944999974,-1.239633535850604,1.0
-23.117108252617562,53.59211718836787,-1.2395482956939012,1.0
-23.037074148214884,53.3589164664453,-1.2394519897526497,1.0
-22.977151775219838,53.18431494801792,-1.2393709875407304,1.0
-22.937229016069438,53.068097949274005,-1.2393446353882023,1.0
-22.877303590537885,52.893599027126164,-1.2392594211785803,1.0
-22.797566874541253,52.66148105893337,-1.2391631503064795,1.0
-22.737867298226362,52.48769036910761,-1.2390821743661102,1.0
-22.69809295396384,52.3720133223061,-1.2390558363898698,1.0
-22.638389874385993,52.1983235146299,-1.2389706443160728,1.0
-22.55894932309759,51.96728271089384,-1.2388744120610033,1.0
-22.4994716285033,51.79429865342195,-1.238793463865205,1.0
-22.459845087092084,51.67915876947621,-1.2387671445242385,1.0
-22.3806258832387,51.44892215620172,-1.2386709336862685,1.0
-22.32121785953767,51.27630467731393,-1.2385857682381953,1.0
-22.261961133214573,51.10412309246878,-1.238504852828086,1.0
-22.22248178989568,50.989517591792556,-1.238478550133802,1.0
-22.143556632113192,50.760348405511195,-1.2383823753362928,1.0
-22.084368835734153,50.58853031699137,-1.2382972330818025,1.0
-22.045053473395555,50.47436649666592,-1.2382452590714943,1.0
-21.98599944066241,50.30307319355208,-1.238190056519527,1.0
-21.907367133239735,50.07496594473153,-1.238093917976911,1.0
-21.848398663774127,49.90394312462582,-1.238008798964946,1.0
-21.809229467260312,49.7903088523166,-1.2379568403061734,1.0
-21.750394433489372,49.61980907944185,-1.2379016636483886,1.0
-21.672053774485235,49.39275828564974,-1.2378055592381814,1.0
-21.613303747953587,49.222526664810005,-1.2377204611439125,1.0
-21.57428012664205,49.10941924288915,-1.2376685223545694,1.0
-21.49636906357689,48.883314183816395,-1.2488223095103512,1.0
-21.439804435054228,48.71435868236293,-1.278469107469697,1.0
-21.404254640776358,48.60131088386187,-1.3024176977780433,1.0
-21.35489150507008,48.43064100482652,-1.3197158670699618,1.0
-21.294034328899876,48.20193303544616,-1.3221526123839742,1.0
-21.264472289412844,48.08732183506523,-1.322529232443951,1.0
-21.220752122855547,47.91575946190449,-1.3227545488030672,1.0
-21.177382957799455,47.744429415488014,-1.3281762241427681,1.0
-21.121613519163112,47.51681009369722,-1.3623035901667926,1.0
-21.09626534626223,47.40328209424044,-1.3913888337182851,1.0
-21.064021294158128,47.233486088176804,-1.4428931549616955,1.0
-21.03207325970845,47.00457161332861,-1.4867579447484514,1.0
-21.019963297914504,46.88970445068129,-1.4955217068691693,1.0
-21.004804722359257,46.71697347974318,-1.498811410746586,1.0
-20.991483523355235,46.54456309900582,-1.4996271206806748,1.0
-20.974787612058105,46.31481970781736,-1.4999523724110784,1.0
-20.96661865617073,46.200178724160125,-1.5000031175011486,1.0
-20.954509753337835,46.02809739258234,-1.5052848888093433,1.0
-20.940260097132015,45.80014026300494,-1.5397903548523306,1.0
-20.935563003973222,45.68734241452696,-1.5691087808363855,1.0
-20.934248315922623,45.52041872594513,-1.6289109991115365,1.0
-20.942564469104678,45.356329675365295,-1.696953810414855,1.0
-20.96042377472677,45.19244085738738,-1.745124206323911,1.0
-20.995498675941445,44.97466439050436,-1.7800897308024934,1.0
-21.027360406851052,44.81254828483008,-1.7845347903367876,1.0
-21.049864144065882,44.704609826385024,-1.7853292166353962,1.0
-21.08443523317153,44.543375307438616,-1.7858232862668602,1.0
-21.11942784132483,44.38245271732473,-1.7859872938541834,1.0
-21.166312081066508,44.168098332400234,-1.786029703533954,1.0
-21.189790998604664,44.06088109686591,-1.786004885732114,1.0
-21.22496391717858,43.900536954261426,-1.7859386105439337,1.0
-21.260208735871988,43.739828180570846,-1.7858655850394072,1.0
-21.3098268885859,43.51386729027012,-1.785626418352893,1.0
-21.348962539999324,43.33555396752035,-1.7854422147683513,1.0
-21.375230707474767,43.21577344252913,-1.7853453256765,1.0
-21.414536701724586,43.03603084545722,-1.7852614919354959,1.0
-21.453853921178766,42.856388234816485,-1.7907363797107416,1.0
-21.50761494090784,42.619073232308786,-1.828100035436204,1.0
-21.536862100967483,42.50261632028432,-1.8620853007221474,1.0
-21.586555215627513,42.329406086121004,-1.9087334921076837,1.0
-21.643320853585713,42.15770966551262,-1.9316528105539548,1.0
-21.704511918013004,41.988009388031806,-1.9351074113646678,1.0
-21.788935144351335,41.76306179364968,-1.9362878840650612,1.0
-21.831563260013077,41.65101561327105,-1.9365026017327251,1.0
-21.895866239440515,41.48297550480724,-1.942001047799428,1.0
-21.960695830271572,41.31633466596625,-1.9650294218850168,1.0
-22.02815331413345,41.15277004281205,-2.010188072723922,1.0
-22.10131533415872,40.99388035125399,-2.0678196444462813,1.0
-22.18228070863805,40.838136549268604,-2.1107667526146012,1.0
-22.26938270354424,40.685726295610486,-2.124039354863638,1.0
-22.359677730705357,40.535507161939464,-2.1261330914756598,1.0
-22.48200174752133,40.33662717444226,-2.1269753834437957,1.0
-22.54350806050781,40.23745339225852,-2.1304346153693916,1.0
-22.63579720331333,40.09038428522159,-2.1569471588513087,1.0
-22.73017540895156,39.94748838845667,-2.2072253236835024,1.0
-22.829237923024234,39.811748101061845,-2.2739208169095835,1.0
-22.972908559694815,39.64109650089326,-2.3511760256529404,1.0
-23.049522771113804,39.55931015825001,-2.3768255280674846,1.0
-23.168395288480784,39.44044371240431,-2.394713556638475,1.0
-23.29007726776551,39.324629402482735,-2.39760986319182,1.0
-23.413029071442317,39.210185195388284,-2.3984359152923154,1.0
-23.53618300522906,39.096621087056555,-2.3987134057063693,1.0
-23.659374096383527,38.983418944012584,-2.398782211746602,1.0
-23.78255340345967,38.87035456591571,-2.3987847975841747,1.0
-23.905779813746292,38.75733023181868,-2.3987212974454555,1.0
-24.028695115634708,38.64462045720989,-2.3986495162613055,1.0
-24.151439639096434,38.53204469805618,-2.398585890607115,1.0
-24.27400249061762,38.41967158306289,-2.405281820983901,1.0
-24.396412899145467,38.30885862520393,-2.4346640599223535,1.0
-24.51969295400949,38.20291771896642,-2.4850716984563372,1.0
-24.645436575329782,38.10509338534469,-2.5502625442405478,1.0
-24.77676041236807,38.014287165838894,-2.601493639176505,1.0
-24.912750001662484,37.92930698168989,-2.6367216611436026,1.0
-25.05162014185548,37.84927545267095,-2.6499388597181825,1.0
-25.19186866675024,37.77220105503941,-2.6517085131861644,1.0
-25.332663724779344,37.69635237795537,-2.6523173537537854,1.0
-25.473746196179178,37.62101182038934,-2.6524797656061003,1.0
-25.614555275872018,37.54607954982063,-2.652513921008122,1.0
-25.75521534317859,37.471308901341075,-2.6524850995356224,1.0
-25.895793609838297,37.39657974302102,-2.652445273622651,1.0
-25.989547352799086,37.34677997257067,-2.6523806324763655,1.0
-26.177731078182145,37.24678200304968,-2.6522774609164834,1.0
-26.32580872087231,37.16815947009171,-2.652082865367378,1.0
-26.48425592222147,37.08402310806632,-2.651832215077036,1.0
-26.649527601718837,36.996191575882655,-2.651629544967153,1.0
-26.815842176623764,36.90772225986159,-2.6514870231715983,1.0
-26.981885302253367,36.819309518601365,-2.6513980790246596,1.0
-27.092667415844694,36.76027439554984,-2.6513470040187137,1.0
-27.25840660937162,36.67198180001765,-2.651260725756373,1.0
-27.479157865573026,36.55432780663691,-2.6511619867578293,1.0
-27.644406309922424,36.46623931427874,-2.651093987184233,1.0
-27.809524889098206,36.37817631004757,-2.6510383566196944,1.0
-27.974632747794143,36.290129517228564,-2.6509529704720016,1.0
-28.139592974139482,36.20216493538974,-2.6508657615801434,1.0
-28.252272950252372,36.14205433122203,-2.65078640903998,1.0
-28.430632302999634,36.046976962282834,-2.650556190399767,1.0
-28.678069838162784,35.91502074449626,-2.6502943532940995,1.0
-28.86433462369577,35.815524500732494,-2.6502019587275987,1.0
-29.05055800025989,35.716020720724515,-2.6501010455790186,1.0
-29.2363318306826,35.616740208909484,-2.6500128909527625,1.0
-29.359984739773658,35.55061265763151,-2.6499842915946026,1.0
-29.545603007916025,35.45136194723287,-2.6498969618543593,1.0
-29.73078105140336,35.352344028467286,-2.6498144585683203,1.0
-29.915705306132406,35.25342991240142,-2.6497461800530546,1.0
-30.1620424580258,35.12163429813402,-2.649648750156606,1.0
-30.34651623145172,35.02289281139171,-2.6495926373407803,1.0
-30.53095371076176,34.92417945299877,-2.649506732750337,1.0
-30.714953254250666,34.8256994730036,-2.6494248608423856,1.0
-30.83742579683937,34.760108356639535,-2.6493980476815686,1.0
-31.021276565757052,34.6616633818576,-2.6493121728069764,1.0
-31.204690226897227,34.56345151912025,-2.6492303299535878,1.0
-31.387852748396686,34.46534300818841,-2.6491623305907654,1.0
-31.570861771190103,34.367271774903124,-2.64910629779412,1.0
-31.81456232399998,34.236682520678485,-2.649009071638225,1.0
-31.99724597213114,34.13877185908737,-2.648923234919036,1.0
-32.118625997792876,34.07370797956794,-2.6468702357532536,1.0
-32.30011952428956,33.97586702808903,-2.63025509323135,1.0
-32.47841150255916,33.87631664492367,-2.585245692546152,1.0
-32.653547907695355,33.7711891329685,-2.560692742659513,1.0
-32.82600738125732,33.661733823162265,-2.5561208704611933,1.0
-32.99705335118444,33.55019691609966,-2.554763679578317,1.0
-33.22372338454882,33.400481326456124,-2.554058047322396,1.0
-33.393151252956535,33.28801165889908,-2.5518480198540403,1.0
-33.50560219824008,33.21303416520628,-2.5427028245251964,1.0
-33.67221062761757,33.0996779887535,-2.505077553150083,1.0
-33.83205428320412,32.983009816962905,-2.4402795169200138,1.0
-33.98506581249651,32.858276444470924,-2.3821616034140947,1.0
-34.13168096393817,32.72547314333167,-2.3450721394964202,1.0
-34.273110784387356,32.587015658230186,-2.3361439916499744,1.0
-34.45745551433095,32.398752023526974,-2.33381560010709,1.0
-34.54874661743426,32.304035419141,-2.331284104577779,1.0
-34.683914730966734,32.16206240666959,-2.3031195042242047,1.0
-34.813386095206155,32.01903470835052,-2.245456269335434,1.0
-34.93646442557716,31.87026375135325,-2.1994227263062354,1.0
-35.05333750683623,31.71623309075173,-2.1742505276855444,1.0
-35.1655813642346,31.55889232784305,-2.167436702653606,1.0
-35.27537118116666,31.400120491788442,-2.1659879260970194,1.0
-35.38403169044053,31.240846708706044,-2.1654068239596973,1.0
-35.49214747706127,31.08146959854361,-2.165178429451639,1.0
-35.59985980140713,30.922226212039327,-2.1593631547388927,1.0
-35.70614196312678,30.763261051881603,-2.134625182685809,1.0
-35.807859899965415,30.603867461233204,-2.0858084478813197,1.0
-35.90248726824847,30.441322772432432,-2.0347626861994543,1.0
-35.99019410533522,30.27437222731909,-2.0043055207032734,1.0
-36.07251781857997,30.104636044826304,-1.9955030937893197,1.0
-36.12559757866366,29.990760543050698,-1.994125527529711,1.0
-36.22844076639258,29.76327375998315,-1.961319606014783,1.0
-36.29975295051025,29.592902689636034,-1.9100341033133776,1.0
-36.36147255412591,29.422644471168084,-1.8394129001715926,1.0
-36.41002300778994,29.252437854709616,-1.757937286819389,1.0
-36.44476091633749,29.080920468664484,-1.6804852589745718,1.0
-36.467652072870024,28.906739974528378,-1.6218550477324498,1.0
-36.47743802441167,28.789591968374697,-1.5944415723861092,1.0
-36.48749052293883,28.55430186594659,-1.5778335562233,1.0
-36.49065518359322,28.37793762695022,-1.5761063661047354,1.0
-36.49238663206588,28.20176273446964,-1.5754238283308657,1.0
-36.49352497158253,28.025783245981852,-1.5751467936221832,1.0
-36.49413818167234,27.908573185182853,-1.5750726639874904,1.0
-36.49496119838406,27.73292320513292,-1.575041933778477,1.0
-36.496003263415034,27.499031844061324,-1.5750577090289706,1.0
-36.49678284727151,27.323844754970114,-1.575071567193357,1.0
-36.497301844114865,27.20716344394486,-1.5750816127745375,1.0
-36.49807923838684,27.032306398192944,-1.5750979021874953,1.0
-36.49906700349876,26.799584500214305,-1.569708460184527,1.0
-36.498887843552644,26.626098948759733,-1.5449425385554267,1.0
-36.49516591708218,26.454471816275927,-1.5006431990736686,1.0
-36.48931718699989,26.340427555605288,-1.4711126950593851,1.0
-36.47524344260261,26.169210405120594,-1.4480686878268227,1.0
-36.45008431931068,25.941641900878302,-1.4441133334745813,1.0
-36.42927076625479,25.77142502466709,-1.4433736384141025,1.0
-36.41502790754083,25.658102281008233,-1.4431467837934078,1.0
-36.39340768143697,25.488406568786523,-1.4398447086746557,1.0
-36.36344855392197,25.263681572079733,-1.4098892923471724,1.0
-36.3372615037799,25.097992242522906,-1.3633342689137236,1.0
-36.31631699595649,24.989956523491838,-1.3223496632412046,1.0
-36.27746693086474,24.832651931622692,-1.251398597854524,1.0
-36.22876112117039,24.678202703909193,-1.191432320413325,1.0
-36.15121103811468,24.474949998595758,-1.1485310101077781,1.0
-36.0869015616471,24.32483313593742,-1.1378976024024068,1.0
-36.04244818562487,24.225554574537174,-1.1366659440790607,1.0
-35.974736959875315,24.077279014061922,-1.1358533751241238,1.0
-35.90647522246545,23.929459087471013,-1.1355298428976033,1.0
-35.83803751306478,23.78192165237764,-1.1354205327593805,1.0
-35.74676402289943,23.585556559283905,-1.1338532811574975,1.0
-35.678312653853475,23.439427100928402,-1.1124708139954598,1.0
-35.63181264801654,23.34340360130127,-1.087942031863409,1.0
-35.55892936612063,23.201981348776453,-1.0444453966770615,1.0
-35.48084048191013,23.06280223270177,-1.017255029862031,1.0
-35.37116898941713,22.880284872566186,-1.0102752549286613,1.0
-35.287182100018356,22.744696419852772,-1.0094282419130487,1.0
-35.23088765156248,22.654611385529638,-1.0091776832428105,1.0
-35.14628560774078,22.519759404043683,-1.0090118480902044,1.0
-35.06164934068334,22.385138987701133,-1.0089748118908146,1.0
-34.97709134762482,22.250813554484868,-1.0038243220848335,1.0
-34.89241419904708,22.117663223071805,-0.9821144804538009,1.0
-34.776908522508904,21.945344251516154,-0.9245906240796435,1.0
-34.686274129091295,21.82422222058503,-0.8598141582480123,1.0
-34.62268095048753,21.748068139613803,-0.8135736079686531,1.0
-34.52114291199016,21.637966971111254,-0.7612073264560638,1.0
-34.41408526927,21.53225400095539,-0.7246564742659862,1.0
-34.302962735000015,21.430168069865395,-0.709444820317211,1.0
-34.18975267118185,21.33056851192036,-0.7068112803347287,1.0
-34.03767095108547,21.199475891066367,-0.7059832214500246,1.0
-33.923382497921274,21.101722533030458,-0.7057936854391081,1.0
-33.84719299217716,21.036693229155606,-0.7057539418586759,1.0
-33.73297084207184,20.93929097530931,-0.7057281972497069,1.0
-33.61886438604322,20.842010260488976,-0.7057213891843227,1.0
-33.504884234547724,20.744838368326576,-0.7057164569900294,1.0
-33.35322153621767,20.615599279137953,-0.6992085988742534,1.0
-33.23972254229761,20.520067432177754,-0.6757861616549428,1.0
-33.16360933632488,20.457798718656882,-0.6545832620683919,1.0
-33.047274249901605,20.366475766097327,-0.6403923868871191,1.0
-32.92958800308623,20.277049662040678,-0.6382837301805886,1.0
-32.811382266645886,20.188581623404097,-0.6377509151393833,1.0
-32.69303923817632,20.10057359028298,-0.6375478573731995,1.0
-32.5747199957204,20.012807689758805,-0.6374834170140442,1.0
-32.417111810624675,19.896009787638878,-0.6374910166599123,1.0
-32.29905575541813,19.80852870367203,-0.6375028848627778,1.0
-32.22042437017291,19.750262118435028,-0.6375116561181765,1.0
-32.10283626760795,19.663352407457104,-0.6241158466342062,1.0
-31.985275272892544,19.578361419909406,-0.5955562732601682,1.0
-31.86599856905893,19.49610725939485,-0.5700050876292833,1.0
-31.74479007808098,19.416383282215115,-0.562206493948493,1.0
-31.622720869806468,19.338240709057942,-0.5610528971956519,1.0
-31.459579693413442,19.235121906266514,-0.5606172603082049,1.0
-31.37799577738919,19.183783888959443,-0.5605452866796891,1.0
-31.25568372476058,19.106925958307375,-0.5605090631101639,1.0
-31.13348671625179,19.030185640260736,-0.5605014667498743,1.0
-31.011424467017214,18.953531215977684,-0.5604959172353458,1.0
-30.88949718782224,18.87696207717857,-0.5604919418446408,1.0
-30.767704684199384,18.800478138385703,-0.5604895642678527,1.0
-30.646046792209862,18.72407929619076,-0.5604887832827314,1.0
-30.5232329521829,18.64694185191526,-0.5604587413197345,1.0
-30.391752437655853,18.564220304743884,-0.5602598247628452,1.0
-30.251467121314967,18.47595233297237,-0.5600499791654497,1.0
-30.10819046889045,18.385868341233383,-0.5598916603100796,1.0
-29.96482885966225,18.295826041928752,-0.5597994386662707,1.0
-29.821506639565623,18.20587739572711,-0.5597351032894867,1.0
-29.678182242759913,18.11592485012751,-0.5596463803874684,1.0
-29.53523350062734,18.026209606530642,-0.5595643284301208,1.0
-29.392456490056897,17.93663267987762,-0.5594968372336342,1.0
-29.249747072071667,17.847142034107648,-0.5594417780735326,1.0
-29.107038114183577,17.757639010471497,-0.5593568939910146,1.0
-29.01224195021393,17.698171826424943,-0.5593051838417428,1.0
-28.822545576824815,17.579236916474628,-0.559209536261334,1.0
-28.680452310555943,17.49018937482292,-0.5591547453208636,1.0
-28.538358883742198,17.401128719015336,-0.5590699754984894,1.0
-28.39664161227772,17.31230103930524,-0.5589895725833118,1.0
-28.25509533172411,17.223609253556305,-0.5589227249589984,1.0
-28.160604018597702,17.164435186195494,-0.5588787922049328,1.0
-27.972134666231746,17.04638134068866,-0.5587832149628857,1.0
-27.831029328785554,16.957992869989546,-0.5587028410264211,1.0
-27.690094243117333,16.86973968210772,-0.5586360100876826,1.0
-27.549224846603206,16.781570603291257,-0.5585812685874224,1.0
-27.40809638349221,16.69322342362472,-0.5584903088617653,1.0
-27.312626907477583,16.633433413244358,-0.558407308786968,1.0
-27.109870701959885,16.506446066517572,-0.5581263506555681,1.0
-26.949376275867063,16.40597054415372,-0.5579266354682493,1.0
-26.788074892271524,16.305109036295345,-0.5578176991966785,1.0
-26.626805611667322,16.204350455542645,-0.5577479233305619,1.0
-26.465554825095893,16.10360814062722,-0.5576566145846968,1.0
-26.358408770092804,16.036659281526205,-0.5576025885631588,1.0
-26.1440404113919,15.902784978813342,-0.5575045628436672,1.0
-25.983468989919057,15.802552189856192,-0.5574487194044564,1.0
-25.822919098169827,15.702322296108711,-0.55736321484748,1.0
-25.66276825832667,15.602340885539826,-0.557281994324225,1.0
-25.556139336427677,15.535815196822972,-0.5572555437408522,1.0
-25.34294290387831,15.402781719653749,-0.5571590784674822,1.0
-25.183095357214814,15.303054216777477,-0.5570737546749288,1.0
-25.02364608294019,15.203574301549434,-0.5569926289485655,1.0
-24.864389842231205,15.104245336733904,-0.5569251995797819,1.0
-24.75810322297424,15.037988248119213,-0.5568809069612728,1.0
-24.599119770783215,14.938841079375544,-0.5567998063620435,1.0
-24.38732164719279,14.80680657922249,-0.5567034066874921,1.0
-24.228762702545836,14.70797557048621,-0.5566360064245869,1.0
-24.07029061974481,14.609243465220867,-0.5565806316726142,1.0
-23.911837626697398,14.51051204326985,-0.5564953603441295,1.0
-23.80655691217006,14.44489923903878,-0.5564432709819891,1.0
-23.64854723273796,14.34649715477988,-0.5563879159688097,1.0
-23.490556047891122,14.24809532732368,-0.5563026604720732,1.0
-23.273769255630132,14.113037605055037,-0.5561086977938299,1.0
-23.099855792564757,14.004668478593269,-0.555863231966953,1.0
-22.97887945381854,13.92930329755834,-0.5556881946319246,1.0
-22.79510807934318,13.814921390234305,-0.5555103927780166,1.0
-22.611452517282423,13.70072679434578,-0.5554105054540144,1.0
-22.366761840035196,13.548667404870928,-0.5552978533200844,1.0
-22.18347570386168,13.434827218640883,-0.5552376797781425,1.0
-22.061310657364583,13.358925288783164,-0.5551657396190254,1.0
-21.878450319598223,13.245357082494781,-0.555096651992588,1.0
-21.69570644657019,13.131909565287437,-0.555040013128261,1.0
-21.452365114142786,12.980839127052723,-0.5549422964564604,1.0
-21.26994123656384,12.867606834618497,-0.5548562069914565,1.0
-21.087944500848916,12.754641280395058,-0.5547741282160321,1.0
-20.966767569393493,12.679470013836204,-0.5547472115815942,1.0
-20.784885366986767,12.566622727091191,-0.554661184904391,1.0
-20.60342966725638,12.454041547926506,-0.5545791436330023,1.0
-20.3617123554553,12.304125308059318,-0.5544816737784583,1.0
-20.180747284356727,12.191905484559665,-0.554413525343211,1.0
-20.06000239874903,12.117065000795579,-0.5543687819542796,1.0
-19.87935484387951,12.005057647662863,-0.5542867797138725,1.0
-19.698927385464927,11.893219452538958,-0.5542186504837326,1.0
-19.458554117478144,11.744257351607484,-0.5541212331657117,1.0
-19.278508326626987,11.632726794731541,-0.5540650707263255,1.0
-19.1585023280163,11.55836099998055,-0.5539945418035499,1.0
-18.9779035655353,11.44648129524702,-0.5539069501062607,1.0
-18.791093511638046,11.330704702288022,-0.5537301305374284,1.0
-18.592530865097697,11.207639900497714,-0.5534538026860161,1.0
-18.307542703323225,11.031133669001228,-0.5530235194227447,1.0
-18.15892001572413,10.939147075181618,-0.5528464701949446,1.0
-17.9331934644883,10.79963850814835,-0.5526839531999881,1.0
-17.707352353415285,10.660145190153509,-0.5525609340280428,1.0
-17.481877485442297,10.521042535992256,-0.5525255207822148,1.0
-17.181627856642013,10.335841377728537,-0.5525081686245653,1.0
-16.956747832272608,10.197147839282238,-0.5525116076060145,1.0
-16.732136331822925,10.058620291110264,-0.5525161863655463,1.0
-16.58254458515947,9.966360844833504,-0.5525198590254371,1.0
-16.358380781554175,9.828110050630093,-0.55252632224748,1.0
-16.134485051208163,9.690024987710194,-0.5525339243717879,1.0
-15.91085707097427,9.55210545540579,-0.5525426659180589,1.0
-15.687496450518866,9.41435121254085,-0.5525525504298562,1.0
-15.390097557658596,9.230935599950767,-0.5525675016510464,1.0
-15.241575829288804,9.13933766039869,-0.5525757384974297,1.0
-15.019015077265358,9.00207789464477,-0.5525890449754767,1.0
-14.796720201541069,8.864982508776102,-0.5526034946738175,1.0
-14.574690828319621,8.72805127767262,-0.5526190857663699,1.0
-14.35292659176269,8.591283972527698,-0.5526358183094751,1.0
-14.131427125896321,8.454680365547198,-0.5526536928856136,1.0
-13.91019206000954,8.318240227755263,-0.5526727119477928,1.0
-13.615622611110846,8.136573935067133,-0.5526998499832674,1.0
-13.468513631546536,8.045849444174868,-0.5527141791040833,1.0
-13.248069536712318,7.909898358857566,-0.5527366294604931,1.0
-13.027888364381626,7.774109844545142,-0.5527602251432808,1.0
-12.807969748523055,7.638483668107283,-0.5527849638930159,1.0
-12.58831332862274,7.503019607363822,-0.5528108450068995,1.0
-12.36892647883737,7.367704999625065,-0.552822823226932,1.0
-12.149801101128276,7.2325520621994555,-0.5528359428683137,1.0
-11.930936819020936,7.097560598576737,-0.5528502347703371,1.0
-11.712333278403186,6.962730380446509,-0.5528656848991812,1.0
-11.493997951452727,6.828048565950156,-0.5528670415340446,1.0
-11.27592264995076,6.693527540261166,-0.5528695502881834,1.0
-11.058106982006192,6.559167123875144,-0.5528732490830391,1.0
-10.840550604521406,6.424967066682829,-0.5528781163208479,1.0
-10.623253162481253,6.290927148204149,-0.5528841570781398,1.0
-10.406214293230896,6.1570471527398025,-0.5528913710963624,1.0
-10.189433629363526,6.0233268598332925,-0.5528997604748516,1.0
-9.972910823561374,5.8897660450078115,-0.5529093204493403,1.0
-9.756653157909867,5.756352180823726,-0.5529051738990398,1.0
-9.540652643133694,5.6230973597381535,-0.5529021981532763,1.0
-9.32490889755074,5.490001389975001,-0.5529004250073911,1.0
-9.109421576356844,5.357064029971017,-0.5528998332281955,1.0
-8.894190328189124,5.224285068968892,-0.5529004303628958,1.0
-8.750844917035256,5.1358536584087675,-0.5529014872635133,1.0
-8.536039674267512,5.003338215665062,-0.5529040590894444,1.0
-8.32148956182963,4.870980596636625,-0.5529078196803828,1.0
-8.035819002494668,4.694748885373739,-0.5529146777444988,1.0
-7.821862823492376,4.56275867270458,-0.5529212103639904,1.0
-7.608160608396323,4.430925552301182,-0.5529289285575699,1.0
-7.394712001886494,4.299249317289454,-0.5529378312265512,1.0
-7.181516653925493,4.167729750836632,-0.5529479252371021,1.0
-7.039529703437771,4.080132548690054,-0.5529500617800472,1.0
-6.826763192706505,3.9488615107725527,-0.552947417278612,1.0
-6.614249196371601,3.8177462939831592,-0.5529457102528227,1.0
-6.401987171599142,3.6867869714605876,-0.5529452085290079,1.0
-6.119362508571579,3.512416674350298,-0.5529464077903624,1.0
-5.9076870975724125,3.381820278722552,-0.5529487077671306,1.0
-5.696262514952176,3.251379066849907,-0.552952214706551,1.0
-5.485088424895863,3.1210928190227936,-0.5529569183143207,1.0
-5.274164482431667,2.990961336607794,-0.5529628216922519,1.0
-5.063490342875033,2.860984401362825,-0.5529699278791358,1.0
-4.923179524985218,2.7744188649644945,-0.5529753351907003,1.0
-4.71292096152638,2.6446990330767033,-0.5529844459856964,1.0
-4.502911288009111,2.515133192841566,-0.55299476037838,1.0
-4.2931578531287276,2.3857087269144004,-0.5529912888438274,1.0
-4.083652628207615,2.256437829108104,-0.5529890192043625,1.0
-3.874395252869887,2.1273203142689114,-0.5529879742949156,1.0
-3.6653853886212597,1.9983559635833716,-0.5529881465701649,1.0
-3.456622699428429,1.869544548938406,-0.5529895287724995,1.0
-3.1786563581733582,1.698033549043149,-0.5529932672332631,1.0
-3.039837505201502,1.6123797116119962,-0.5529959403598292,1.0
-2.831814324061095,1.4840258795717076,-0.5530009719979823,1.0
-2.6240369644635724,1.355824161252956,-0.553007218660165,1.0
-2.416505103904191,1.2277743496724733,-0.5530146799308079,1.0
-2.20921839939133,1.0998762401747595,-0.5530233574316109,1.0
-2.002176510026645,0.9721296213354013,-0.5530332544225116,1.0
-1.795384240395081,0.8445260142364397,-0.5530343962046793,1.0
-1.5888385861297492,0.7170695229827225,-0.5530319124063692,1.0
-1.3825367740520715,0.5897638708250927,-0.553030607799536,1.0
-1.2451375199151142,0.5049771653828781,-0.5530304212775294,1.0
-1.0392413226164443,0.37792254304202916,-0.5530311617486552,1.0
-0.8335880596363325,0.25101827013672445,-0.5530331325778525,1.0
-0.6281773868522353,0.12426413369759025,-0.5530363311760251,1.0
-0.4230089762939005,-0.002340069294766245,-0.5530407579002025,1.0
-0.21808249884083178,-0.12879454270133267,-0.5530464139991411,1.0
-0.013397625651696395,-0.2550994943086802,-0.5530532999512547,1.0

